wgs_id,date,assembly_length,assembly_coverage,contigs,reference_coverage,reference_percentage_mapped,percent_missing
Eth01-2021,2021,2128333.0,130.5907803472698,101.0,225.0,83.72107871891346,7.801659927644179
Eth03-2021,2021,2110293.0,153.03275393133185,99.0,273.0,87.88732178960011,8.191798926983344
Eth05-2021,2021,2126015.0,139.858242362188,98.0,247.0,86.541456156535,7.901165981563826
Eth06-2021,2021,2163301.0,153.8421625332392,85.0,279.0,86.36735837646688,6.067449961357959
Eth07-2021,2021,2129500.0,125.0891820896671,97.0,217.0,85.2316687968292,7.482891096649904
Eth08-2021,2021,2156168.0,182.25618434100724,92.0,329.0,82.52294798989477,5.981071000548829
Eth09-2021,2021,2115062.0,180.98504610462533,95.0,317.0,83.25211201570046,8.196861594292178
Eth10-2021,2021,2112672.0,162.64745368392303,89.0,293.0,87.94452779533309,8.31531904884578
Eth11-2021,2021,2114850.0,151.30793281185427,87.0,261.0,85.38362405254833,8.294037925202451
Eth12-2021,2021,2131302.0,177.59759424611764,99.0,326.0,87.67887066434362,7.508249235559637
Eth13-2021,2021,2161722.0,149.61313433635962,88.0,265.0,82.93705198904769,6.032011290196122
Eth14-2022,2022,2130712.0,127.0127945758747,88.0,241.0,93.4662159720812,6.096302684781756
Eth16-2022,2022,2126898.0,146.54865971301064,94.0,254.0,85.38614872867319,7.694223855019546
Eth17-2022,2022,2170560.0,160.12096498571898,99.0,286.0,85.78674361029033,5.63604798333352
Eth18-2022,2022,2118316.0,158.69340453046237,92.0,290.0,90.70452042707048,8.220965266966097
Eth19-2022,2022,2127655.0,143.59615907283413,95.0,257.0,88.76528150682131,7.960932337227406
Eth21-2022,2022,2123797.0,171.3158267039524,103.0,328.0,92.41337358798826,7.446690785273462
Eth22-2022,2022,2127051.0,117.5090223644986,94.0,215.0,91.1048783539702,7.6991969175972494
Eth24-2022,2022,2111561.0,157.957227950082,91.0,276.0,86.18216091550697,8.388346904716569
Eth25-2022,2022,2131518.0,144.47211758907738,102.0,235.0,80.51487668910183,7.449558136669617
Eth29-2022,2022,2130414.0,156.1195584178188,98.0,271.0,84.12429858850038,7.716669840167562
Eth30-2022,2022,2127424.0,153.287431342574,90.0,270.0,85.897799187683,7.476797974933076
Eth32-2022,2022,2130023.0,167.42422031657873,108.0,304.0,86.16470925997407,7.425051242705615
Eth33-2022,2022,2112982.0,154.14614315608048,97.0,271.0,84.48051302476898,8.184406536665136
Eth34-2022,2022,2131115.0,150.18321301951704,92.0,266.0,86.6344131409361,7.595613848411197
Eth35-2022,2022,2126871.0,162.26201609809186,98.0,285.0,85.50063390169963,7.49319564072983
Eth36-2022,2022,2132979.0,160.8932849273181,92.0,276.0,84.95136377992446,7.736741299940637
Eth38-2022,2022,2127512.0,134.9490930737298,98.0,236.0,86.2365380821479,7.568463614878866
Eth42-2022,2022,2119518.0,145.85029016846482,90.0,264.0,89.12419714145341,7.955556053359618
Eth43-2022,2022,2111722.0,155.96459305983458,101.0,285.0,88.25302055363822,8.18893157558719
Eth44-2022,2022,2110795.0,159.47853270115206,104.0,291.0,89.97562393343304,8.224370246749029
Eth45-2022,2022,2185946.0,141.48322203523733,97.0,253.0,85.61129954921115,5.458809825158768
Eth46-2022,2022,2128829.0,146.3699529033483,94.0,256.0,84.27945159102688,7.401530000784041
Eth47-2022,2022,2112047.0,154.24756972947245,91.0,289.0,91.6965997642132,8.29887658068346
Eth48-2022,2022,2111633.0,156.63846775586904,101.0,287.0,88.50029394973359,8.24860832651964
Eth50-2022,2022,2131840.0,103.23526803678612,92.0,172.0,81.05745194041835,7.93181079961022
Eth51-2022,2022,2125313.0,174.67373684962743,100.0,312.0,85.48927736274874,7.677333363201577
Eth52-2022,2022,2127418.0,155.23182916509117,101.0,287.0,85.71607504330466,7.731454620803977
Eth53-2022,2022,2130891.0,160.4822849521177,96.0,276.0,84.95663088254429,7.7172074685543395
Eth54-2022,2022,2185066.0,153.26802155144884,99.0,269.0,84.83805434252037,5.4570625329017375
Eth55-2022,2022,2124685.0,151.67227360819464,102.0,268.0,85.21275280410073,7.519629036413122
Eth56-2022,2022,2130715.0,144.1892722843698,97.0,251.0,86.63054174391196,7.779348349592858
Eth61-2023,2023,2127601.0,136.21778716136993,104.0,235.0,83.2949807779722,7.512236646094913
Eth62-2023,2023,2126397.0,118.85798746039052,96.0,203.0,82.77141797804998,7.6252730144151615
Eth63-2023,2023,2126388.0,155.28770773163137,96.0,265.0,83.08926725959368,7.734187565103437
Eth64-2023,2023,2129764.0,156.13793064800464,94.0,265.0,82.15414169476759,7.823120260749768
Eth65-2023,2023,2124815.0,178.73928944990604,93.0,317.0,84.60118501752582,7.867474602659021
Eth66-2023,2023,2120047.0,131.23788332332398,94.0,223.0,83.61703722724762,8.208510209339053
Eth67-2023,2023,2125942.0,130.23918289775585,97.0,227.0,85.17667607875426,7.858962153201689
Eth69-2023,2023,2128349.0,184.1892707342279,109.0,337.0,86.80180693417692,7.659367614610052
Eth70-2023,2023,2117089.0,136.330253483668,102.0,244.0,87.31470255453496,7.825136367200187
Eth71-2023,2023,2111806.0,122.93959132164892,96.0,225.0,89.33406484105495,8.245203346736709
Eth72-2023,2023,2131551.0,127.89926665634223,92.0,220.0,84.95967455926746,7.700585790929761
Eth73-2023,2023,2132504.0,143.6756526955584,96.0,244.0,82.19124077688726,7.678722236534089
Eth74-2023,2023,2114230.0,133.24039023165838,94.0,243.0,89.19791421675113,8.498381514543969
Eth75-2023,2023,2111795.0,167.67413780156798,97.0,312.0,87.42533049265651,8.303491224336646
Eth76-2023,2023,2107819.0,150.14765885128796,103.0,258.0,86.08354496370693,8.295830019825047
Eth77-2023,2023,2129454.0,149.888709421084,94.0,260.0,84.83122935040073,7.792878663993459
Eth78-2023,2023,2122521.0,165.13617004979218,99.0,277.0,85.14340970105357,8.119219094768205
Eth79-2023,2023,2134609.0,168.54650381692,97.0,297.0,85.10331295205246,7.55479889338157
Eth81-2023,2023,2126044.0,150.1175303005973,93.0,261.0,83.51736257042272,7.95000056002957
Eth82-2023,2023,2131366.0,134.77508117698886,90.0,233.0,84.6642761902887,7.820566525912569
Eth83-2023,2023,2112136.0,149.37319433379,91.0,261.0,86.47846206967976,8.25738959017036
Eth84-2023,2023,2123111.0,136.20950167385175,95.0,233.0,83.40745257094635,7.673211545569606
Eth85-2023,2023,2120212.0,158.91200072077552,95.0,276.0,85.20681901152459,8.223787815996685
Eth86-2023,2023,2127503.0,137.84037680958198,97.0,228.0,83.01481551013757,8.254343029311947
Eth87-2023,2023,2131426.0,155.8436360747467,90.0,266.0,83.41197261425147,7.697942451361432
Eth89-2023,2023,2116142.0,144.40336689432797,94.0,240.0,81.59941284787254,8.312406895084061
Eth90-2023,2023,2111424.0,118.75048045201484,98.0,201.0,85.88600731831487,8.264916387585263
Eth91-2023,2023,2127499.0,134.58743134104174,96.0,234.0,85.93217796349106,7.45224627860351
Eth80-2023,2023,2129427.0,202.1316899134449,96.0,372.0,86.6991679750198,7.771552737984566
