wgs_id,accession,names,date,continent,assembly_length,assembly_coverage,contigs,reference_coverage,reference_percentage_mapped,percent_missing
163M,SRR16683683,163M,2019,Asia,2140712.0,92.46780871715067,105.0,124.0,94.43188547354592,7.171335446511576
21242_3#112,ERR2631833,"101279223,NY0004",2011-12-16,North America,2111392.0,83.2286111295681,85.0,131.0,94.75605785038638,6.105397564991431
21242_3#23,ERR2631744,"200227291,NY0808",2013-11-25,North America,2117566.0,83.93808272576533,101.0,132.0,94.50497927056112,6.481916645198867
21242_4#62,ERR2631973,"200206582,NY0715",2013-09-30,North America,2047574.0,64.63932602427066,95.0,98.0,92.14725745450646,8.301295908423965
21242_4#87,ERR2631998,"200212132,NY0753",2013-10-15,North America,2104924.0,79.28713933121524,83.0,120.0,91.67826713827397,8.172623514521566
25818_2#13,ERR3200824,"200263716,NY0885",2014-03-10,North America,2160607.0,135.969958066324,73.0,232.0,87.34064583091907,6.620266350063283
25818_2#176,ERR3200873,"101342587,NY0502",2013-03-20,North America,2155438.0,101.61278753335608,84.0,184.0,92.3568072415534,6.18846115074876
25818_2#181,ERR3200878,"101339753,NY0445",2013-02-06,North America,2175966.0,87.6930632824359,80.0,158.0,92.38777749517465,6.043077474490653
25818_2#184,ERR3200881,"101323904,NY0156",2012-07-02,North America,2163474.0,85.69283572179698,82.0,161.0,94.03967733532508,6.577659300411062
25818_2#207,ERR3200904,"200228786,NY0813",2013-11-29,North America,2136646.0,99.86754030059404,78.0,176.0,92.18069274003126,6.510903775719358
25818_2#222,ERR3200919,"200205496,NY0712",2013-09-26,North America,2131416.0,81.1074833909453,79.0,151.0,96.717595478316,6.293836314557409
25818_2#270,ERR3200967,"101323227,NY0146",2012-06-26,North America,2138005.0,82.29705245582592,71.0,146.0,93.12750520282734,4.297622114447643
25818_2#277,ERR3200974,"101324695,NY0166",2012-07-11,North America,2125833.0,86.8495632784607,79.0,155.0,90.97976170043916,6.021348327191676
25818_2#7,ERR3200818,"101315868,NY0088",2012-04-27,North America,2073257.0,121.83324213558043,90.0,228.0,97.47721448869918,8.186153828922167
25818_3#222,ERR3201022,"101343312,NY0511",2013-03-29,North America,2157986.0,74.84664107872203,82.0,142.0,95.22223790293398,6.826850057683045
25818_3#234,ERR3201034,"101335210,NY0370",2012-11-30,North America,2117533.0,74.2465159865844,74.0,129.0,89.35932156575433,8.652636059183925
25818_3#255,ERR3201055,"101337195,NY0417",2012-12-31,North America,2126139.0,75.89233489699966,66.0,142.0,97.47036443824376,5.839853944288258
25818_3#268,ERR3201068,"101328235,NY0252",2012-08-23,North America,2162774.0,82.60418944062576,94.0,152.0,92.8381123966754,6.467042259831319
25818_3#361,ERR3201161,"101336393,NY0401",2012-12-17,North America,2171096.0,87.14513670950295,77.0,161.0,93.78720711768084,6.251990905119791
25825_2#43,ERR3201226,"101340792,NY0466",2013-02-23,North America,2081143.0,193.90863726142936,70.0,335.0,90.83827909501731,8.379610443431414
25825_2#44,ERR3201227,"101335904,NY0392",2012-12-10,North America,2127223.0,195.79117017713145,79.0,352.0,94.15027649031528,6.321479374110953
25825_2#59,ERR3201242,"101330237,NY0299",2012-09-19,North America,2176207.0,188.4901817843113,81.0,349.0,95.37584453355151,5.331033478567669
25825_2#70,ERR3201253,"101326612,NY0215",2012-08-03,North America,2083313.0,199.7422204548034,85.0,368.0,97.25869165597469,6.946741187934722
7M,SRR16683450,7M,2019-12,Asia,2143559.0,102.06350996039475,111.0,145.0,94.77513879691844,7.206326094017765
AUNG1065,SRR8566824,AUNG1065,2017-06-05,Oceania,2115304.0,41.28333024981801,90.0,77.0,95.16048769334591,7.234506781958087
AUNG1305,SRR8566986,AUNG1305,2017-07-20,Oceania,2176472.0,48.20902627419924,104.0,80.0,82.74596582234844,7.356414018660186
AUNG1852,SRR8560411,AUNG1852,2017-10-30,Oceania,2158500.0,49.52055228537823,114.0,86.0,86.93942627369205,6.934420537404375
AUNG193,SRR8559734,AUNG193,2017-01-24,Oceania,2123918.0,55.44182905994581,106.0,94.0,84.64397683841918,9.624309763555516
AUNG1939,SRR8560181,AUNG1939,2017-11-16,Oceania,2126600.0,38.15788520769819,110.0,71.0,93.82780608660028,6.017584928484224
AUNG2022,SRR8560027,AUNG2022,2017-12-04,Oceania,2177306.0,47.92946605154397,112.0,84.0,83.40806118772733,7.66904492557207
AUNG2170,SRR8560263,AUNG2170,2017-12-22,Oceania,2114127.0,67.62791543024038,99.0,112.0,83.75754453331021,8.884846719906811
AUNG299,SRR8559509,AUNG299,2017-02-13,Oceania,2121392.0,52.6853109763712,114.0,92.0,88.8400371466713,9.449759747314658
AUNG320,SRR8559611,AUNG320,2017-02-13,Oceania,2104732.0,49.5289054250299,106.0,82.0,83.6870925999344,10.167180027105433
AUNG322,SRR8559764,AUNG322,2017-02-15,Oceania,2164915.0,61.66423690573807,117.0,104.0,83.51831625866153,6.357948499680783
AUNG495,SRR8559605,AUNG495,2017-03-10,Oceania,2172931.0,39.32666124962093,99.0,71.0,88.5841759472537,6.06516504071415
AUNG764,SRR8559264,AUNG764,2017-04-24,Oceania,2162553.0,56.794392549200886,105.0,94.0,83.99599698880631,7.049473012175043
AUNG892,SRR8566711,AUNG892,2017-05-10,Oceania,2069452.0,36.729857920480406,111.0,66.0,94.21207927324078,8.989460243500858
AUNG92,SRR8559921,AUNG92,2017-01-13,Oceania,2104949.0,55.775549959202834,127.0,98.0,86.85765464533078,10.136087185403388
BH33,ERR3959420,BH33,2015-2016,South America,2180761.0,47.53882588433167,81.0,83.0,92.6791907006411,6.032145697292817
BH71,ERR3959542,BH71,2015-2016,South America,2118584.0,49.460172023217375,78.0,74.0,86.21197478688572,9.028483103907886
CCC001,SRR16683516,CCC001,2015-07-15,Asia,2105262.0,135.0241190693396,106.0,188.0,96.11754584911694,6.096078672953932
CCC011,SRR16683507,CCC011,2015-12-02,Asia,2053590.0,122.46939757948223,105.0,169.0,97.52005771519548,8.188125133007022
CCC012,SRR16683506,CCC012,2015-12-17,Asia,2156798.0,135.20710878879245,102.0,185.0,92.43116616835871,6.184742554406872
CCC020,SRR16683497,CCC020,2016-03-04,Asia,2158009.0,105.52063928121986,109.0,145.0,94.64882641517156,5.855086748580325
CCC022,SRR16683439,CCC022,2016-03-11,Asia,2146771.0,136.25730941359282,104.0,193.0,90.97963204235916,6.529899978718877
CCC029,SRR16683723,CCC029,2016-06-13,Asia,2147817.0,132.40328175870243,100.0,198.0,95.39473414588166,6.49128033960193
CCC032,SRR16683721,CCC032,2016-07-04,Asia,2111641.0,130.86797167622765,112.0,187.0,93.25965776967443,8.250221211679976
CCC040,SRR16683713,CCC040,2016-10-19,Asia,2105257.0,97.41488969234872,104.0,127.0,95.2714576414728,6.0009184484940805
DDD027,SRR16683675,DDD027,2017-10-19,Asia,2098287.0,114.24336097934028,116.0,150.0,91.49743204839916,9.47216093009711
DDD038,SRR16683664,DDD038,2018-02-12,Asia,2046636.0,131.49171195790706,103.0,189.0,95.67773424716896,8.5999484772796
DDD044,SRR16683657,DDD044,2018-06-19,Asia,2042839.0,88.77329968638298,118.0,130.0,96.64698900495446,8.977722023722851
DDD045,SRR16683656,DDD045,2018-07-31,Asia,2166901.0,121.89498062828766,104.0,160.0,93.249584380722,5.628610790649747
DDD046,SRR16683655,DDD046,2018-08-06,Asia,2159521.0,93.21319891228802,125.0,140.0,94.2138068447259,7.154668966521433
DDD048,SRR16683653,DDD048,2018-10-12,Asia,2160060.0,108.37841692387062,123.0,161.0,88.7779664596711,7.542209428657832
DRR117953,DRR117953,GU027,2015-01,Asia,2146046.0,30.2381149421126,87.0,41.0,83.79634832895691,6.79508518049753
DRR124801,DRR124801,FC536,2015-12,Asia,2094166.0,93.52401228116588,72.0,135.0,89.16913349949405,8.102866231337016
DRR124887,DRR124887,KM308,2015-11,Asia,2119798.0,78.09153823958698,120.0,114.0,83.23828231588321,9.850785721486094
DRR129094,DRR129094,98-152,1998-09,Asia,2086528.0,68.58052660253875,88.0,109.0,99.71850490806152,7.124292962668428
DRR248352,DRR248352,08-018,1996-01-22,Asia,2118641.0,60.71633027255115,121.0,88.0,90.79864757266988,8.86262474658662
DRR248387,DRR248387,09-006,1997-02-15,Asia,2108612.0,40.52347818296301,149.0,60.0,90.09446423335626,11.113988418588502
DRR248391,DRR248391,09-014,1997-05-01,Asia,2139945.0,53.59312149253604,78.0,83.0,91.57200217635352,7.643865996124595
DRR248395,DRR248395,09-021,1997-03-11,Asia,2141553.0,56.08374408252796,90.0,89.0,97.62536173222044,6.126409874441371
DRR248401,DRR248401,09-030,1997-09-10,Asia,2187329.0,56.9792308457854,102.0,84.0,91.95273779199496,6.982583080386645
DRR248403,DRR248403,09-032,1997-10-21,Asia,2188899.0,62.05905651794758,107.0,89.0,93.3022514818546,6.488323383474648
DRR248405,DRR248405,09-034,1997-11-04,Asia,2191887.0,67.14056835318017,77.0,100.0,92.59067672173528,5.833940032033691
DRR248415,DRR248415,98-010,1996-05-20,Asia,2181099.0,59.859729321001005,104.0,86.0,89.84750980784084,6.443879436834264
DRR248416,DRR248416,98-011,1996-06-11,Asia,2158568.0,56.11393691790576,69.0,83.0,93.70837163862848,7.641491470749656
DRR248432,DRR248432,98-032,1996-10-30,Asia,2089881.0,48.28991405511464,92.0,75.0,96.28249075374684,8.77982997502268
DRR248439,DRR248439,98-043,1997-05-06,Asia,2306635.0,93.09033194818554,1515.0,161.0,95.7552700195648,5.454329588602279
EEE011,SRR16683606,EEE011,2018-12-13,Asia,2163832.0,152.57280060368322,113.0,176.0,83.50716585718467,5.734792397038564
EEE014,SRR16683602,EEE014,2018-12-27,Asia,2110200.0,154.24285835023264,122.0,178.0,82.86387913244681,8.035573078258532
EEE018,SRR16683598,EEE018,2016-01-19,Asia,2109828.0,131.2424434777186,108.0,173.0,96.0772785883544,5.902980477369205
EEE019,SRR16683597,EEE019,2016-06-03,Asia,2053208.0,142.9620687263097,109.0,162.0,83.51964908305001,8.694839887546063
EEE020,SRR16683596,EEE020,2016-07-07,Asia,2100192.0,119.36663006133728,110.0,161.0,98.61263092945386,5.696127955556054
EEE022,SRR16683593,EEE022,2016-09-28,Asia,2160232.0,115.82683985496466,111.0,153.0,94.97917368465627,5.460333105587975
EEE028,SRR16683587,EEE028,2017-06-28,Asia,2110496.0,140.0982140285975,114.0,168.0,86.79367859184026,5.104154299347006
EEE032,SRR16683581,EEE032,2014-05-07,Asia,2096919.0,130.86805716411035,110.0,172.0,93.4228584802444,7.879795253189369
EEE034,SRR16683551,EEE034,2014-08-19,Asia,2113249.0,120.8444329883823,109.0,165.0,97.84916988886415,6.491325141967495
EEE035,SRR16683550,EEE035,2014-10-27,Asia,2117413.0,143.1025865931932,114.0,185.0,93.54561052845496,5.618933479687727
ERR10172565,ERR10172565,NG_AMS0646,2020-01,Europe,2158709.0,100.48745191424318,93.0,201.0,88.5538870223506,6.434202125872246
ERR10172670,ERR10172670,NG_AMS0751,2020-02,Europe,2163297.0,156.54419811905765,91.0,320.0,92.44734653109516,5.919781364456044
ERR10659316,ERR10659316,"SAMEA112168220,H22-494",2022-06,Europe,2159385.0,176.05833519770863,100.0,296.0,80.96068644152218,4.746855433966914
ERR1143662,ERR1143662,64586,,Africa,2166651.0,134.598581305981,84.0,250.0,93.5072176210725,5.595681051959543
ERR1143670,ERR1143670,65600,,Africa,2123742.0,155.36389132242155,89.0,299.0,97.12543385814662,6.054950101365352
ERR1143673,ERR1143673,56327,,Africa,2121194.0,143.61643785698246,72.0,257.0,91.0372595936198,8.171369048285749
ERR1143674,ERR1143674,56682,,Africa,2164392.0,100.73846553531702,91.0,188.0,94.0660642160402,6.1613557195819935
ERR1143684,ERR1143684,45722,,Africa,2175990.0,122.41686106962716,85.0,216.0,89.04180155093262,5.936223832618362
ERR1143686,ERR1143686,47547,,Africa,2110713.0,121.107567577829,90.0,225.0,95.7217571262014,7.752690942081742
ERR1143693,ERR1143693,45388,,Africa,2183716.0,117.1210472641749,79.0,212.0,90.81842625502895,5.260917776458597
ERR1143701,ERR1143701,49676,,Africa,2161710.0,122.0696284159397,79.0,226.0,94.05001852974206,5.644560432790851
ERR1143705,ERR1143705,50869,,Africa,2166131.0,166.83164752739702,82.0,306.0,92.72410391948442,5.883984274369687
ERR1143710,ERR1143710,65907,,Africa,2162007.0,127.54855146760718,83.0,236.0,93.95504000183922,6.346210279902779
ERR1469734,ERR1469734,ECDC_GC_084,2013,Europe,2121719.0,168.12513919039242,97.0,251.0,90.8048126343428,7.847851166541593
ERR1469736,ERR1469736,ECDC_GC_086,2013,Europe,2085223.0,183.5953808436795,93.0,284.0,96.38026370467682,7.1725451103818285
ERR1469737,ERR1469737,ECDC_GC_088,2013,Europe,2078058.0,179.46334399136117,94.0,272.0,92.9739887304958,8.488390587022995
ERR1514826,ERR1514826,ECDC_GR13056,2013,Europe,2181425.0,180.80278290842,102.0,287.0,93.66770894465554,5.779549960237901
ERR1514845,ERR1514845,ECDC_DK13_510,2013,Europe,2164035.0,186.60150503295927,105.0,295.0,92.94710096921833,6.259204085975739
ERR1528155,ERR1528155,ECDC_DK13_472,2013,Europe,2125814.0,181.686467322635,98.0,263.0,87.95205912383915,8.20940625665035
ERR1528184,ERR1528184,ECDC_DK13_509,2013,Europe,2113582.0,168.71311504971194,100.0,256.0,92.82005336269864,8.051567522765202
ERR1528195,ERR1528195,ECDC_SE13_061,2013,Europe,2163845.0,162.7224585300703,98.0,256.0,94.648239439988,6.435815011032582
ERR1528236,ERR1528236,ECDC_BE13_448,2013,Europe,2161712.0,174.48937972403354,91.0,265.0,93.44145855138186,6.10830971875315
ERR1528311,ERR1528311,ECDC_SE13_098,2013,Europe,2162144.0,168.17545861237724,102.0,267.0,93.68350341756698,6.450823803496824
ERR1549677,ERR1549677,ECDC_GE13_056,2013,Europe,2174352.0,226.77040782587176,94.0,340.0,89.2297091874105,6.563815369451508
ERR1549685,ERR1549685,ECDC_GE13_068,2013,Europe,2185340.0,231.99437120173508,99.0,360.0,92.077978227529,6.37994646117315
ERR1549739,ERR1549739,ECDC_LV13_024,2013,Europe,2121358.0,183.55348159292308,95.0,272.0,89.10674584326604,8.713298462158802
ERR1549757,ERR1549757,ECDC_1820984,2013,Europe,2114523.0,158.8918563543645,94.0,229.0,85.17401725191232,8.672662716591436
ERR1549790,ERR1549790,ECDC_RB13001950,2013,Europe,2166403.0,157.6194446751597,88.0,234.0,89.23474952668245,6.157278704315588
ERR1555226,ERR1555226,ECDC_CY13_006,2013,Europe,2119958.0,181.66250486047363,97.0,261.0,84.6958105429275,8.22109967406279
ERR1555231,ERR1555231,ECDC_MT13_002,2013,Europe,2182829.0,163.13796010498297,99.0,248.0,91.81140431851634,5.897783402963676
ERR1560829,ERR1560829,ECDC_PT13_060,2013,Europe,2182408.0,261.7694116132273,100.0,379.0,86.92220400474876,5.878070362115119
ERR1560857,ERR1560857,ECDC_PT13_089,2013,Europe,2193668.0,184.9918067060285,146.0,300.0,92.16546675993784,5.482644683639296
ERR1560859,ERR1560859,ECDC_PT13_091,2013,Europe,2188343.0,193.96879233739853,88.0,290.0,89.29084412833049,5.8616278939528
ERR1560867,ERR1560867,ECDC_PT13_100,2013,Europe,2158480.0,163.09723226529778,86.0,255.0,92.959499409635,6.248182704046774
ERR1560874,ERR1560874,ECDC_PT13_107,2013,Europe,2134893.0,146.8197719838886,101.0,214.0,88.39901939917758,7.587280608416124
ERR1560939,ERR1560939,ECDC_T2_ES058,2013,Europe,2081060.0,202.75276228028025,103.0,319.0,96.64339970199764,7.496062992125985
ERR1602751,ERR1602751,ECDC_FR13_068,2013,Europe,2177263.0,165.85164807007695,89.0,252.0,91.3040996993893,6.001052855590775
ERR1602768,ERR1602768,ECDC_FR13_085,2013,Europe,2164743.0,146.40330015988042,93.0,230.0,93.1482915288257,6.7368421052631575
ERR2133926,ERR2133926,AUSMDU00005554,2009-07-21,Oceania,2154742.0,119.68191926931908,96.0,206.0,87.32833858123374,6.243612862759154
ERR2133968,ERR2133968,AUSMDU00005596,2013-06-03,Oceania,2140608.0,67.62524048113899,82.0,115.0,83.23893488938067,7.898253827802108
ERR2133974,ERR2133974,AUSMDU00005602,2013-12-31,Oceania,2110154.0,139.11859960383745,98.0,273.0,90.45882199497326,8.87369093088115
ERR2799249,ERR2799249,"13ARS_DMC0024,ERS1821259,23668_8#298",2013-03-19,Asia,2167154.0,67.57430827726178,67.0,117.0,87.55499869310036,6.402750865245685
ERR2799251,ERR2799251,"13ARS_MMH0009,ERS1821261,23668_8#300",2013-02-22,Asia,2112889.0,74.98034105584009,85.0,120.0,81.12417298722295,8.495514163147815
ERR2799252,ERR2799252,"13ARS_VSM0064,ERS1821263,23668_8#301",2013-02-20,Asia,2113974.0,74.84650609032416,78.0,128.0,87.29730225982217,8.686909868841076
ERR2799253,ERR2799253,"13ARS_VSM0286,ERS1821262,23668_8#302",2013-05-15,Asia,2119106.0,76.16866515817522,84.0,119.0,80.13904998307571,8.98282949339725
ERR2799254,ERR2799254,"13ARS_VSM0542,ERS1821277,23668_8#303",2013-08-12,Asia,2176333.0,60.82553083032423,93.0,98.0,80.71970014915063,6.292044219934813
ERR2799259,ERR2799259,"14ARS_VSM0248,ERS1821269,23668_8#308",2014-03-04,Asia,2118128.0,79.10000917357074,77.0,128.0,82.3269348885708,8.309897962612425
ERR2799263,ERR2799263,"14ARS_ZPH0011,ERS1821273,23668_8#312",2014-09-16,Asia,2115346.0,62.932850998108606,86.0,106.0,85.06023663947366,8.352729024092472
ERR2799266,ERR2799266,"14ARS_MMH0002,ERS1821278,23668_8#315",2014-01-13,Asia,2080376.0,77.8289459584681,88.0,134.0,88.4827951883932,8.424816030286399
ERR2799268,ERR2799268,"14ARS_VSM0907,ERS1821279,23668_8#317",2014-10-01,Asia,2118839.0,78.23131413709116,77.0,130.0,83.56620000069948,8.832875975851524
ERR3325222,ERR3325222,SAMEA5608248,2016-04-07,Europe,2137506.0,43.59718230514537,82.0,72.0,81.67678482244686,8.198474479452516
ERR3325232,ERR3325232,SAMEA5608258,2016-04-13,Europe,2205918.0,51.83957883615119,75.0,88.0,80.17622067166475,5.638780927632979
ERR3325248,ERR3325248,SAMEA5608274,2016-05-12,Europe,2204463.0,77.82899480582167,82.0,166.0,87.6807774288923,5.6699185717005856
ERR3325250,ERR3325250,SAMEA5608276,2016-04-24,Europe,2197309.0,34.39412540460766,80.0,67.0,85.36747659084439,6.509873321311366
ERR3325260,ERR3325260,SAMEA5608286,2016-05-12,Europe,2139314.0,50.97618686409896,72.0,100.0,90.53641294542882,6.368835474513054
ERR3325272,ERR3325272,SAMEA5608298,2016-06-08,Europe,1966448.0,25.11899539993379,117.0,42.0,85.95488416890556,8.301027094230577
ERR3325321,ERR3325321,SAMEA5608347,2016-10-13,Europe,2137577.0,58.427131823140414,69.0,107.0,86.59675540910006,8.799856632430192
ERR3325347,ERR3325347,SAMEA5608373,2016-02-09,Europe,2155486.0,65.71888884515789,86.0,117.0,82.2004637098366,8.17549086591772
ERR3325360,ERR3325360,SAMEA5608386,2016-02-29,Europe,2142675.0,42.32434184261168,90.0,87.0,87.56900663270139,7.92898825057963
ERR3325394,ERR3325394,SAMEA5608420,2016-06-29,Europe,2151607.0,49.99744058724384,85.0,95.0,85.79236707234004,8.408239155027387
ERR3325429,ERR3325429,SAMEA5608455,2016-08-15,Europe,2135323.0,32.639425900116265,102.0,65.0,86.82619478677634,8.538121212800036
ERR3325432,ERR3325432,SAMEA5608458,2016-08-15,Europe,2199333.0,52.25726658911043,78.0,108.0,86.2222649456878,5.794603555067708
ERR3325433,ERR3325433,SAMEA5608459,2016-08-15,Europe,2199926.0,38.88751691128883,94.0,83.0,90.2727335400208,6.271972760161737
ERR3325488,ERR3325488,SAMEA5608514,2016-09-02,Europe,2137237.0,77.67080025179703,89.0,159.0,87.51552220175967,8.439421601460557
ERR3325564,ERR3325564,SAMEA5608590,2017-01-17,Europe,2188956.0,46.42555315751848,67.0,90.0,88.8258797119475,6.2272599993279645
ERR3325648,ERR3325648,SAMEA5608674,2017-02-15,Europe,2200606.0,136.76576057161674,91.0,238.0,82.06863458690948,5.494382903417301
ERR3325658,ERR3325658,SAMEA5608684,2017-02-20,Europe,2189446.0,71.16815003814934,89.0,162.0,89.39102328090762,6.2290520939505605
ERR3325716,ERR3325716,SAMEA5608742,2017-03-23,Europe,2135943.0,42.96898852225641,92.0,77.0,82.95556248039274,9.127944355461969
ERR3325717,ERR3325717,SAMEA5608743,2017-03-28,Europe,2191594.0,26.66932113388567,101.0,51.0,88.44774498551497,8.56786998353513
ERR3325732,ERR3325732,SAMEA5608758,2017-04-05,Europe,2198788.0,49.49584742602016,90.0,98.0,89.4062817270753,5.440664867104983
ERR3325738,ERR3325738,SAMEA5608764,2017-04-07,Europe,2141953.0,55.29157316256519,73.0,108.0,93.0528249679331,8.290408933591694
ERR3325773,ERR3325773,SAMEA5608799,2017-05-05,Europe,2169794.0,44.67381606422363,78.0,91.0,93.26734280546064,6.3346512695870345
ERR3325790,ERR3325790,SAMEA5608816,2017-05-12,Europe,2205365.0,59.51458511657481,108.0,107.0,81.14651797915533,6.248809937164682
ERR3325818,ERR3325818,SAMEA5608844,2017-06-01,Europe,2193639.0,45.9055555118869,92.0,94.0,86.25011341700248,6.215297767722136
ERR3325822,ERR3325822,SAMEA5608848,2017-06-02,Europe,2075250.0,38.50285169632525,80.0,78.0,89.19666959714537,9.634166283979797
ERR3325855,ERR3325855,SAMEA5608881,2017-06-28,Europe,2131790.0,51.41944813236152,308.0,71.0,80.38268258036268,11.971416090769594
ERR3325880,ERR3325880,SAMEA5608906,2017-07-13,Europe,2208978.0,50.34101419635599,95.0,109.0,85.79442580681923,5.956832920778217
ERR3325885,ERR3325885,SAMEA5608911,2017-07-14,Europe,2148974.0,50.231648933761846,90.0,109.0,91.4269654460584,7.916309181124763
ERR3325990,ERR3325990,SAMEA5609017,2017-08-25,Europe,2160474.0,50.93105968101676,88.0,119.0,86.48944000733015,6.385367547406504
ERR3326032,ERR3326032,SAMEA5609059,2017-09-28,Europe,2145619.0,67.03293711205438,93.0,157.0,90.34704185645856,7.833783223754215
ERR3326073,ERR3326073,SAMEA5609100,2017-10-11,Europe,2070667.0,38.27541028091719,262.0,66.0,91.66372456670558,11.507487595345031
ERR3326123,ERR3326123,SAMEA5609150,2017-12-14,Europe,2199928.0,123.39284875424384,84.0,202.0,87.647858779996,5.991823568284405
ERR349887,ERR349887,"10356_1_2,ERS248577",1998,North America,2102597.0,84.5332662660029,103.0,166.0,91.24570924139688,8.98565204242784
ERR349888,ERR349888,"10356_1_3,ERS248578",1998,North America,2142230.0,87.14777014428428,95.0,176.0,93.75500816497038,6.950504586642174
ERR349890,ERR349890,"10356_1_5,ERS248580",1998,North America,2156125.0,84.0740645466492,92.0,166.0,91.01215561214526,7.344138170495403
ERR349891,ERR349891,"10356_1_6,ERS248581",1998,North America,2105182.0,82.10493278318503,90.0,160.0,91.6650411290721,7.902017226509559
ERR349892,ERR349892,"10356_1_7,ERS248582",1998,North America,2148754.0,91.84478353301218,96.0,186.0,93.1185360288633,6.897682597641156
ERR349895,ERR349895,"10356_1_10,ERS248585",2008,South America,2162595.0,87.3873420604126,101.0,177.0,93.723008001284,6.256739955869669
ERR349897,ERR349897,"10356_1_12,ERS248587",2008,South America,2159901.0,82.50870720348757,105.0,154.0,87.33459048564498,6.820264109945005
ERR349900,ERR349900,"10356_1_15,ERS248590",1998,North America,2108510.0,92.28169136264184,102.0,191.0,97.21318458275154,5.755177473370594
ERR349912,ERR349912,"10356_1_27,ERS248603",1993,Europe,2117310.0,88.59867893912508,98.0,182.0,97.32494346432064,6.189222790963362
ERR349916,ERR349916,"10356_1_31,ERS248607",1993,Europe,2115196.0,90.9640858593922,94.0,188.0,97.73026340653578,6.328826962063597
ERR349918,ERR349918,"10356_1_33,ERS248609",1998,Europe,2061250.0,106.96765137365188,97.0,222.0,98.0957983122324,8.438301542321435
ERR349923,ERR349923,"10356_1_38,ERS248614",1998,Europe,2150081.0,101.83285849917188,88.0,203.0,92.12622889823976,6.865693708627815
ERR349926,ERR349926,"10356_1_41,ERS248617",1998,Europe,2089555.0,100.79029070597991,97.0,201.0,93.085765370789,9.275792161826145
ERR349932,ERR349932,"10356_1_47,ERS248623",1998,Europe,2059728.0,103.49438595148288,94.0,213.0,98.6396746153016,8.273876860698245
ERR349951,ERR349951,"10356_1_66,ERS248642",1998,Europe,2107816.0,92.52628958827806,97.0,178.0,90.32698215458404,7.650631153324896
ERR349960,ERR349960,"10356_1_75,ERS248651",1999,Asia,2106039.0,100.1514448313118,122.0,207.0,97.70136257643968,6.677792587448618
ERR349961,ERR349961,"10356_1_76,ERS248652",1999,Asia,2167487.0,94.62887427764558,102.0,190.0,92.35011191131738,6.287563983378322
ERR349970,ERR349970,"10356_1_85,ERS248661",2004,Europe,2149638.0,95.85830919834312,103.0,194.0,93.4731300744528,6.321972200132167
ERR349971,ERR349971,"10356_1_86,ERS248662",2004,Europe,2096842.0,103.3907931253504,99.0,207.0,93.10733822507832,8.12119039885306
ERR349976,ERR349976,"10356_1_91,ERS248667",2004,Europe,2154296.0,100.4170611835282,110.0,199.0,92.6365061702083,6.441818528018279
ERR349978,ERR349978,"10356_1_93,ERS248669",2004,Europe,2109449.0,95.562487320432,85.0,194.0,97.59356799373656,7.116721362887961
ERR3577328,ERR3577328,ERS3797878,2015,Europe,2122954.0,70.83673868894807,76.0,122.0,87.85311207323522,8.73888061289636
ERR3577467,ERR3577467,ERS3796994,2015,Europe,2179638.0,87.33936413360703,84.0,151.0,87.50418737223455,5.8547731320213705
ERR3577528,ERR3577528,ERS3797056,2015,Europe,2136231.0,74.57726269195793,81.0,128.0,88.62607077657633,6.666457588960697
ERR3577534,ERR3577534,ERS3797062,2015,Europe,2191984.0,66.07993742973488,69.0,109.0,83.03680839011244,5.550744279297947
ERR3577590,ERR3577590,ERS3797192,2014,Europe,2113308.0,71.78967013390805,84.0,126.0,89.20846062528915,8.259808917910865
ERR3577830,ERR3577830,ERS3797439,2013,Europe,2112929.0,80.37637852606831,77.0,141.0,91.34410319840522,9.060203178727836
ERR3577890,ERR3577890,ERS3797692,2013,Europe,2185477.0,98.6816819357079,83.0,158.0,80.6186342005915,6.69051645926905
ERR3577955,ERR3577955,ERS1806295,2016,Europe,2188088.0,62.04317264847345,83.0,110.0,88.45276358797697,5.3505225075884
ERR3577970,ERR3577970,ERS1806311,2016,Europe,2177664.0,74.57401135224306,77.0,134.0,89.97660894201644,6.289087263807529
ERR3577998,ERR3577998,ERS1806340,2016,Europe,2176317.0,63.05970178087108,84.0,116.0,92.78220734600156,6.447105207154938
ERR3578026,ERR3578026,ERS1806366,2016,Europe,2185780.0,78.42018509363066,87.0,145.0,92.44623432384051,6.117852622618474
ERR3578054,ERR3578054,ERS1806399,2016,Europe,2121405.0,76.71677539279061,79.0,131.0,86.12907696159073,8.478489264233152
ERR3578067,ERR3578067,ERS1806411,2016,Europe,2181592.0,69.5315864105135,77.0,119.0,86.13350274065834,5.942630570894143
ERR3578130,ERR3578130,ERS1806480,2016,Europe,2137089.0,111.66723268133804,80.0,208.0,94.68529019300595,5.198776895420078
ERR3578134,ERR3578134,ERS1806484,2016,Europe,2181792.0,108.26158673154268,87.0,193.0,88.24330644397098,6.0605055946954
ERR3578922,ERR3578922,ERS3797524,2013,Europe,2111153.0,83.9315715021304,92.0,147.0,88.780821549173,8.112991565954683
ERR3578940,ERR3578940,ERS3797542,2013,Europe,2137012.0,66.01096478695439,75.0,114.0,89.25408417143757,6.347643955600855
ERR3579023,ERR3579023,ERS3797628,2015,Europe,2124022.0,81.56793213767608,77.0,143.0,89.25426392396055,8.764910787289569
ERR3579095,ERR3579095,ERS3797801,2015,Europe,2178193.0,76.86340092003695,85.0,134.0,88.55978235882156,5.722158129949261
ERR3623126,ERR3623126,VNM11-1,2011,Asia,2308278.0,48.70118160044902,1188.0,83.0,87.10656123250597,5.425208050985092
ERR3623134,ERR3623134,VNM11-106,2011,Asia,2128230.0,62.17672646751572,91.0,107.0,85.3194062079211,8.756711954391191
ERR3623147,ERR3623147,VNM11-19,2011,Asia,2200369.0,61.19329737093097,78.0,96.0,87.66795767198087,5.780580414645893
ERR3623149,ERR3623149,VNM11-2,2011,Asia,2245024.0,43.42004192110236,722.0,68.0,85.82030210534555,6.125648234226768
ERR3623152,ERR3623152,VNM11-22,2011,Asia,2128628.0,50.13275686518074,86.0,78.0,89.34809825352804,8.337003393779192
ERR3623155,ERR3623155,VNM11-25,2011,Asia,2136706.0,45.14769076409204,87.0,64.0,83.46005981726262,8.47033523370034
ERR3623159,ERR3623159,VNM11-28,2011,Asia,2182218.0,49.02569567924379,79.0,77.0,89.82319078947368,5.827309281930086
ERR3623168,ERR3623168,VNM11-36,2011,Asia,2205462.0,47.30594880266899,83.0,72.0,85.98410100739679,5.391023846059071
ERR3623170,ERR3623170,VNM11-38,2011,Asia,2143326.0,39.10999938431343,72.0,57.0,86.77920969726522,8.186646654943381
ERR3623182,ERR3623182,VNM11-49,2011,Asia,2139072.0,43.668077433755386,80.0,65.0,89.01015802497476,7.562728912086558
ERR3623184,ERR3623184,VNM11-50,2011,Asia,2140505.0,42.21057348986431,88.0,62.0,86.40640557869676,7.840951602244599
ERR3623231,ERR3623231,VNM11-92,2011,Asia,2138670.0,51.82077795124164,89.0,89.0,89.14782257648709,7.894042405439008
ERR3623356,ERR3623356,VNM16-103,2016,Asia,2153928.0,64.00795579798813,84.0,89.0,84.73226306000639,8.323293869916332
ERR3623361,ERR3623361,VNM16-108,2016,Asia,2143782.0,59.81856177586807,76.0,79.0,83.41304527686776,8.162094958613816
ERR3623409,ERR3623409,VNM16-18,2016,Asia,2123783.0,59.69398817495102,74.0,102.0,92.23406929490132,8.606668832114336
ERR3623410,ERR3623410,VNM16-19,2016,Asia,2191447.0,96.7356071392938,74.0,160.0,89.25599056988065,5.464141306660992
ERR3623414,ERR3623414,VNM16-23,2016,Asia,2135077.0,74.04622244194283,87.0,125.0,88.18924337913862,7.811426843337328
ERR3623422,ERR3623422,VNM16-33,2016,Asia,2186584.0,59.56178511070511,75.0,98.0,89.7948821010367,5.110292223429397
ERR3623475,ERR3623475,VNM16-84,2016,Asia,2194083.0,56.64452181963126,95.0,106.0,91.37951981671809,6.231561026422195
ERR363577,ERR363577,"10625_6_2,ERS311583",1999,Asia,2106225.0,82.9125270084848,103.0,160.0,89.07047182566146,8.719750002800147
ERR363578,ERR363578,"10625_6_3,ERS311584",1999,Asia,2111328.0,89.58325727496202,105.0,186.0,97.58028083021009,6.341147612593945
ERR363587,ERR363587,"10625_6_12,ERS311593",2001,Asia,2099165.0,107.2532715544638,114.0,213.0,92.84719915531676,8.067293153078483
ERR363607,ERR363607,"10625_6_32,ERS311613",2007,Asia,2147592.0,95.02565980432594,102.0,185.0,90.7552481202226,6.556154164939909
ERR363609,ERR363609,"10625_6_34,ERS311615",2007,Asia,2118994.0,91.60082451892455,105.0,184.0,96.78651013455102,6.237161322117808
ERR363612,ERR363612,"10625_6_37,ERS311618",2008,Asia,2103009.0,88.38516590691343,110.0,176.0,93.37205323198432,8.185212979245303
ERR363614,ERR363614,"10625_6_39,ERS311620",2008,Asia,2102863.0,88.9344861147407,105.0,172.0,90.36807141835072,8.5178705435647
ERR363615,ERR363615,"10625_6_40,ERS311621",2008,Asia,2103890.0,98.11979030444178,93.0,192.0,91.75332846162802,8.360435030969635
ERR363619,ERR363619,"10625_6_44,ERS311625",2008,Asia,2150611.0,86.13369250914326,106.0,174.0,92.72259637648432,6.226229544919971
ERR363621,ERR363621,"10625_6_46,ERS311627",2008,Asia,2106835.0,89.52937664618067,101.0,176.0,91.65648520695632,9.104512718271526
ERR363623,ERR363623,"10625_6_48,ERS311629",2008,Asia,2108912.0,100.32757470769717,99.0,189.0,89.1625749072038,8.419126129859658
ERR363625,ERR363625,"10625_6_50,ERS311631",2008,Asia,2111804.0,101.47495662740064,115.0,198.0,90.65146184542216,7.970833660017249
ERR363627,ERR363627,"10625_6_52,ERS311633",2008,Asia,2258145.0,99.02327950858732,109.0,192.0,89.55130722331302,7.050458664217471
ERR363630,ERR363630,"10625_6_55,ERS311636",2008,Asia,2096157.0,103.12889510567148,110.0,198.0,90.25901804404997,9.117370997188653
ERR363639,ERR363639,"10625_6_64,ERS311645",2009,Asia,2115988.0,89.65016829512699,107.0,185.0,95.8519007893828,6.3723748613926805
ERR363640,ERR363640,"10625_6_65,ERS311646",2009,Asia,2160477.0,84.57725841358457,105.0,161.0,86.97336417847275,5.9719313179735884
ERR363641,ERR363641,"10625_6_66,ERS311647",2009,Asia,2111558.0,84.25316050020747,99.0,176.0,97.38536643507368,6.102171794670759
ERR363643,ERR363643,"10625_6_68,ERS311649",2009,Asia,2151206.0,75.30642426371529,91.0,152.0,92.82493399750528,6.256963967697494
ERR363648,ERR363648,"10625_6_73,ERS311654",2010,Asia,2053185.0,84.47084725028232,99.0,174.0,97.11400079223507,8.39650093524938
ERR363650,ERR363650,"10625_6_75,ERS311656",2010,Asia,2182845.0,79.69416838252327,97.0,151.0,87.45975960031474,6.440788073610286
ERR363652,ERR363652,"10625_6_77,ERS311658",2010,Asia,2115241.0,81.80976506677582,98.0,166.0,96.78974198957609,6.353199448930903
ERR363655,ERR363655,"10625_6_80,ERS311661",2010,Asia,2060841.0,79.03744797638149,98.0,162.0,96.61985793696456,9.290576942462565
ERR363659,ERR363659,"10625_6_84,ERS311665",2010,Asia,2122771.0,74.73158850197407,97.0,154.0,97.29348732716105,6.495715773792857
ERR363664,ERR363664,"10625_6_89,ERS311670",2010,Asia,2164017.0,81.36514276162569,98.0,159.0,91.287807107253,6.927296961279556
ERR363670,ERR363670,"10625_6_95,ERS311676",2011,Asia,2086256.0,80.77639406849971,100.0,160.0,93.26953194609408,9.174001187262688
ERR3851511,ERR3851511,NGPT03016,2003-10-24,Europe,2176212.0,26.564877356328797,79.0,52.0,88.21419592452436,7.48177103751078
ERR3851539,ERR3851539,NGPT04005,2004-06-25,Europe,2182304.0,25.70388841011884,100.0,51.0,85.6133177042057,7.07312866119331
ERR3851629,ERR3851629,NGPT10069,2010-12-17,Europe,2121072.0,50.74902429490557,86.0,107.0,95.84524806092438,9.091475229892138
ERR3851636,ERR3851636,NGPT03003,2003-02-07,Europe,2094371.0,21.449935506821863,92.0,47.0,90.44298461615512,9.055722942171348
ERR3851726,ERR3851726,NGPT09029,2009-04-28,Europe,2188875.0,37.73122020398973,83.0,65.0,82.69080984351565,7.707037331571106
ERR3851755,ERR3851755,NGPT07015,2007-03-26,Europe,2169921.0,36.28909647740402,117.0,58.0,81.05652558861662,7.459728273652849
ERR3851804,ERR3851804,NGPT06009,2006-05-02,Europe,2140972.0,33.74061875729716,93.0,62.0,89.2830913189163,6.711842385277943
ERR3851848,ERR3851848,NGPT11040,2011-04-14,Europe,2173777.0,125.50144194704522,74.0,215.0,80.10719677778629,5.637257647203772
ERR388291,ERR388291,"10868_8_12,ERS254045",2008,Europe,2111554.0,84.5007776121146,101.0,162.0,89.65551643817203,9.138876132659805
ERR388294,ERR388294,"10868_8_15,ERS254048",2008,Europe,2103177.0,224.84196680515143,118.0,449.0,92.30987549022475,8.639195349514454
ERR388316,ERR388316,"10868_8_37,ERS254070",2009,Europe,2158855.0,88.20011382899175,107.0,176.0,91.5061346671843,5.600743719268377
ERR388320,ERR388320,"10868_8_41,ERS254074",2009,Europe,2117844.0,77.9922756724093,104.0,161.0,96.89309060128925,6.743741669560152
ERR388324,ERR388324,"10868_8_45,ERS254078",2009,Europe,2151750.0,76.19175872789035,113.0,154.0,93.11399956631284,6.360233420324593
ERR388329,ERR388329,"10868_8_50,ERS254083",2009,Europe,2118915.0,83.03763575925083,99.0,172.0,96.98283712328931,6.961884387495659
ERR388340,ERR388340,"10868_8_61,ERS254094",2010,Europe,2157038.0,80.318900318267,109.0,158.0,91.51615492675094,6.730211355159553
ERR388359,ERR388359,"10868_8_80,ERS254113",2010,Europe,2101053.0,73.49694154102397,102.0,147.0,93.82916016558168,8.507745208947032
ERR388367,ERR388367,"10868_8_88,ERS254121",2010,Europe,2156289.0,72.0816665500431,107.0,143.0,92.33161268707543,5.988821809791557
ERR388419,ERR388419,"10900_8_45,ERS254173",1979,Asia,2162642.0,86.14617834513439,111.0,170.0,90.76073235081628,6.542937467098263
ERR388422,ERR388422,"10900_8_48,ERS254176",1996,Oceania,2061032.0,98.21438177347952,99.0,199.0,94.85248124566763,8.375399021068313
ERR388423,ERR388423,"10900_8_49,ERS254177",1997,Oceania,2089014.0,98.1790053212406,103.0,196.0,91.76695984621496,9.333632015770432
ERR388428,ERR388428,"10900_8_54,ERS254182",1998,Asia,2067670.0,90.8410317256888,101.0,189.0,97.84668745939044,7.781185246581019
ERR388429,ERR388429,"10900_8_55,ERS254183",1998,Asia,2150665.0,84.91341077844615,113.0,174.0,94.03849711436987,5.18408171951479
ERR388430,ERR388430,"10900_8_56,ERS254184",1998,Asia,2056827.0,97.88089037540009,94.0,202.0,96.75371713285854,7.923074338325063
ERR388431,ERR388431,"10900_8_57,ERS254185",1998,Asia,2114108.0,80.73076841931633,104.0,168.0,96.94635542731268,6.189133186232233
ERR388432,ERR388432,"10900_8_58,ERS254186",1998,Asia,2095261.0,73.51290954780094,107.0,148.0,92.3624343223392,9.117729416113171
ERR388433,ERR388433,"10900_8_59,ERS254187",1998,Asia,2106816.0,76.34023933852222,107.0,149.0,90.28737776461868,8.491885171537056
ERR388434,ERR388434,"10900_8_60,ERS254188",1998,Asia,2159539.0,76.542389094008,120.0,154.0,92.99942194800607,6.35261701817856
ERR388435,ERR388435,"10900_8_61,ERS254189",1998,Asia,2159783.0,77.73445885862655,126.0,154.0,92.00683336911425,6.471925717677893
ERR388438,ERR388438,"10900_8_64,ERS254192",1998,Asia,2112805.0,81.25189518526837,112.0,168.0,96.31534519174596,6.819950493386051
ERR388442,ERR388442,"10900_8_68,ERS254196",1998,Asia,2107969.0,84.07153993517738,110.0,166.0,91.45278054037166,8.657205900471544
ERR388445,ERR388445,"10900_8_71,ERS254199",1998,Asia,2102792.0,82.45972678480369,109.0,158.0,88.70066585756531,8.448337272207972
ERR388446,ERR388446,"10900_8_72,ERS254200",1998,Asia,2113421.0,86.37608722768485,114.0,177.0,95.84716817528128,6.860183017663332
ERR388447,ERR388447,"10900_8_73,ERS254201",1998,Asia,2133919.0,81.34042868965453,103.0,168.0,97.36995932863196,6.322554630884511
ERR388448,ERR388448,"10900_8_74,ERS254202",1998,Asia,2098456.0,80.69609977360268,119.0,162.0,92.26458463984125,8.5204242784019
ERR388449,ERR388449,"10900_8_75,ERS254203",1998,Asia,2156906.0,83.52962638826403,109.0,163.0,91.0904750572262,6.619728721676505
ERR388451,ERR388451,"10900_8_77,ERS254205",1998,Asia,2103808.0,79.55889389137644,101.0,160.0,93.0044029375396,8.195338313862973
ERR388452,ERR388452,"10900_8_78,ERS254206",1998,Asia,2161171.0,79.14692527505554,110.0,156.0,91.63136619942448,5.890301407914338
ERR388454,ERR388454,"10900_8_80,ERS254208",1998,Asia,2095668.0,76.07921495296151,108.0,153.0,93.52233026253435,9.234977206796518
ERR439284,ERR439284,,1940,Europe,2069318.0,97.33884504345689,95.0,199.0,97.56616881196678,8.699409728833682
ERR439285,ERR439285,,1940,Europe,2075607.0,114.92362495534468,93.0,225.0,92.62089035399826,10.552032347307938
ERR439287,ERR439287,,1940,Europe,2082234.0,103.96051381179107,112.0,212.0,97.45606948627768,8.129971662503781
ERR439288,ERR439288,,1940,Europe,2079504.0,100.47867540916252,106.0,202.0,96.31460513581152,8.646677344563793
ERR439292,ERR439292,,1941,Europe,2072353.0,77.3663891646553,102.0,159.0,97.04160989494692,8.530146391729483
ERR439293,ERR439293,,1941,Europe,2116274.0,77.872469432083,107.0,163.0,97.45832439725302,6.771339926748132
ERR439295,ERR439295,,1941,Europe,2072447.0,86.33666510832022,96.0,176.0,96.5830725038982,8.760878574388729
ERR439304,ERR439304,,1943,Europe,2114756.0,83.32715343473002,101.0,173.0,97.76923524811596,6.653375298215745
ERR439305,ERR439305,,1943,Europe,2113131.0,79.30657162241619,102.0,163.0,97.51842502511964,7.223306190566863
ERR439307,ERR439307,,1946,Europe,2086077.0,76.2709867378955,99.0,156.0,97.34068234361804,8.383911470525645
ERR439308,ERR439308,,1946,Europe,2079670.0,82.23240276113566,98.0,168.0,96.96240710691632,7.887859678991051
ERR439309,ERR439309,,1946,Europe,2110797.0,70.45182552908689,96.0,146.0,97.1568967490024,6.893112756353535
ERR439311,ERR439311,,1947,Europe,2012148.0,78.76433523575254,96.0,162.0,97.37374000953275,11.203951568642823
ERR439312,ERR439312,,1928,Europe,2015929.0,73.51578728173263,94.0,150.0,96.80236335447766,11.052026747012242
ERR439313,ERR439313,,1932,Europe,2078574.0,71.16295383122421,94.0,146.0,97.57104759852383,8.79636204791613
ERR439315,ERR439315,,1932,Europe,2083843.0,72.26354817586505,106.0,140.0,97.38609720550028,8.158645176465317
ERR439319,ERR439319,,1930,Europe,2084315.0,67.48527763045222,93.0,137.0,96.73957168732062,8.640584222846966
ERR439320,ERR439320,,1928,Europe,2084550.0,81.39179603662132,89.0,166.0,96.82049742689902,8.08252595737055
ERR439321,ERR439321,,1931,Europe,2026700.0,79.04152275468591,101.0,163.0,97.17805778441864,11.15847716759445
ERR439323,ERR439323,,1947,Europe,2017291.0,75.04178703156565,97.0,154.0,98.75823808822392,10.73401955623257
ERR439324,ERR439324,,1947,Europe,2083777.0,78.70808351647415,102.0,158.0,96.86991579587118,8.593317727175995
ERR439325,ERR439325,,1951,Europe,2115345.0,71.31562637459233,107.0,146.0,97.26857256212472,6.733840346770309
ERR439326,ERR439326,,1951,Europe,2108104.0,68.88519741047118,100.0,140.0,97.14894456428232,7.126936302236758
ERR439327,ERR439327,,1951,Europe,2101709.0,68.33592364500174,104.0,143.0,97.68719205025924,7.590551181102362
ERR439329,ERR439329,,1951,Europe,2113165.0,73.56986521230617,106.0,152.0,96.94096873313244,7.183969713600878
ERR439334,ERR439334,,1953,Europe,2103990.0,71.5694200847209,96.0,147.0,97.42706039640892,7.579081775517747
ERR439335,ERR439335,,1953,Europe,2141612.0,75.49731797858483,116.0,157.0,97.04600196809766,6.883256235929257
ERR439336,ERR439336,,1954,Europe,2106273.0,83.02959755448124,115.0,171.0,97.39591772442408,6.818740829515798
ERR439337,ERR439337,,1954,Europe,2144030.0,80.27133476626068,99.0,160.0,93.78567241261496,7.3289501685689
ERR439338,ERR439338,,1954,Europe,2137095.0,80.74118376689991,104.0,167.0,96.07855000074343,7.394316819928093
ERR439342,ERR439342,,1954,Europe,2019581.0,80.03713693542674,93.0,159.0,97.23758061954236,11.407219901210784
ERR439344,ERR439344,,1954,Europe,2068237.0,81.72152125297929,108.0,170.0,96.98766225447667,8.658639576169621
ERR439348,ERR439348,,1955,Europe,2105639.0,69.4012267764607,97.0,141.0,97.3158247108947,7.745388156494664
ERR439349,ERR439349,,1955,Europe,2105967.0,72.94681791682964,90.0,149.0,97.83349776541762,8.431625989852263
ERR439351,ERR439351,,1955,Europe,2096747.0,80.43934925079658,101.0,167.0,96.45684163622616,7.756051119499109
ERR439356,ERR439356,,1969,Europe,2107875.0,92.56148246486435,105.0,191.0,97.22436536547686,6.768069354061894
ERR439359,ERR439359,,1956,Europe,2116196.0,71.78597044004665,89.0,142.0,92.81834931023153,8.338661081305093
ERR439362,ERR439362,,1956,Europe,2113425.0,73.1299038755669,99.0,148.0,95.76937135023957,7.538132413391427
ERR439364,ERR439364,,1956,Europe,2144680.0,76.92572703384468,99.0,155.0,92.5462500157411,8.80146951759053
ERR439367,ERR439367,,1958,Europe,2116686.0,75.28081237025471,103.0,155.0,96.7915123275362,6.850326497239053
ERR439371,ERR439371,,1961,Europe,2112061.0,81.95884158927414,99.0,170.0,97.0217314474596,7.356010797370101
ERR439373,ERR439373,,1961,Europe,2122457.0,72.75895748188445,110.0,150.0,97.29566022945912,6.643160358866948
ERR449458,ERR449458,"11792_4_3,ERS354370",2011,Asia,2118179.0,85.7080674344071,91.0,178.0,97.41081162154686,6.108757742408799
ERR449460,ERR449460,"11792_4_5,ERS354372",2011,Asia,2166360.0,88.99566072010523,111.0,178.0,94.24321188457608,6.476943582621162
ERR449480,ERR449480,"11792_4_26,ERS354392",1989,Africa,2156753.0,84.41815830880772,98.0,170.0,93.323172508855,6.761976232345068
ERR449482,ERR449482,"11792_4_28,ERS354394",1991,Africa,2143152.0,75.02622117988176,101.0,154.0,93.78797903369052,7.356234809197925
ERR449483,ERR449483,"11792_4_29,ERS354395",1991,Africa,2099138.0,84.96549339773188,99.0,170.0,93.55974419270066,8.92561687257087
ERR449484,ERR449484,"11792_4_30,ERS354396",1992,Africa,2143348.0,83.15565382632266,117.0,171.0,96.33096922720335,6.854179500677636
ERR449486,ERR449486,"11792_4_33,ERS354398",1998,Africa,2160889.0,70.67242445400575,110.0,141.0,92.72826260527052,6.29302987197724
ERR449491,ERR449491,"11792_4_38,ERS354403",1998,Africa,2122266.0,84.06286769793049,121.0,175.0,97.4415881504822,6.050156248249908
ERR449492,ERR449492,"11792_4_39,ERS354404",1998,Africa,2153157.0,82.08450103890792,105.0,167.0,93.96928217384932,6.245897783402963
ERR449493,ERR449493,"11792_4_40,ERS354405",1999,Africa,2156439.0,77.56900330992435,111.0,154.0,92.87491078048328,6.636664015860037
ERR449496,ERR449496,"11792_4_44,ERS354408",1999,Africa,2106595.0,71.95288029164647,107.0,144.0,92.42032259826908,8.185616200535389
ERR449497,ERR449497,"11792_4_45,ERS354409",1999,Africa,2148390.0,74.34431138821029,96.0,149.0,93.27201267888864,6.544863968817554
ERR449500,ERR449500,"11792_4_48,ERS354412",2007,Africa,2112049.0,81.34028786228542,102.0,161.0,92.479294240611,9.160112453937568
ERR449505,ERR449505,"11792_4_53,ERS354417",2007,Africa,2163674.0,72.44554552064865,102.0,144.0,92.21929003390936,6.701448236466885
ERR449514,ERR449514,"11792_4_62,ERS354426",2007,Africa,2170083.0,90.55841355653676,95.0,180.0,91.64583534457438,6.574702344283779
ERR449524,ERR449524,"11792_4_72,ERS354436",2007,Africa,2114004.0,88.07957415240983,111.0,183.0,96.6457686596578,6.072512628666794
ERR449553,ERR449553,,1964,Europe,2078773.0,80.81590817522061,93.0,163.0,96.18056514962406,8.395649690303648
ERR449554,ERR449554,,1964,Europe,2037647.0,91.91184857414112,104.0,184.0,96.39180283529498,9.025974171436252
ERR449555,ERR449555,,1964,Europe,2054056.0,88.46448002387567,105.0,184.0,98.37732551036407,8.761505807506637
ERR449556,ERR449556,,1964,Europe,2074649.0,94.00267922149244,93.0,196.0,97.5240106367755,8.507924418409292
ERR449559,ERR449559,,1936,Europe,2020426.0,105.64584902738136,88.0,212.0,96.92708170024704,10.890559021516337
ERR449562,ERR449562,,1945,Europe,2081810.0,95.02193501379614,101.0,193.0,97.45832659222108,8.139200949810151
ERR449565,ERR449565,,1940,Europe,2149879.0,94.78955395638076,98.0,187.0,92.06587798212864,7.171111434683751
ERR449566,ERR449566,,1965,Europe,2082907.0,95.19761325772788,98.0,195.0,97.11818816203994,8.158152350444103
ERR449569,ERR449569,,1940,Europe,2111207.0,95.60626017269648,109.0,196.0,96.96336310014873,6.810049170596208
ERR449571,ERR449571,,1941,Europe,2075436.0,93.224239665544,102.0,194.0,97.83987059389456,8.354521118715068
ERR449572,ERR449572,,1941,Europe,2074231.0,100.53443250463232,96.0,208.0,97.65036354543275,8.542243030432006
ERR449574,ERR449574,,1967,Europe,2111388.0,98.26394675886242,92.0,206.0,97.25917392709792,6.843650944769884
ERR449578,ERR449578,,1968,Europe,2116740.0,84.75547809070173,101.0,175.0,96.74220436927828,7.172589912747393
ERR449582,ERR449582,,1979,Europe,2152275.0,87.10067690997478,110.0,176.0,92.58635248364229,6.135997580672259
ERR449585,ERR449585,,1979,Europe,2118840.0,91.98548120872458,100.0,184.0,95.41345552822054,6.954357590080757
ERR4776618,ERR4776618,"SAMEA7492320,ERS5248970,160909045201",2016,Europe,2112233.0,116.17606710200538,83.0,189.0,83.39744230641435,8.331447900449144
ERR4776759,ERR4776759,"SAMEA7492461,ERS5249111,190222010101",2019,Europe,2172062.0,142.51940773920035,83.0,239.0,87.06436298967894,5.964718137117639
ERR4776783,ERR4776783,"SAMEA7492485,ERS5249135,190416003902",2019,Europe,2175331.0,143.6225978667095,81.0,247.0,86.89618406482757,5.729953741557554
ERR485166,ERR485166,"12045_8_76,ERS354451",1998,Asia,2114487.0,85.9063264370436,106.0,177.0,96.87167283281394,6.226722370941186
ERR502176,ERR502176,,1997,Europe,2148957.0,84.13753522840008,110.0,171.0,93.4416438689282,6.396433731701034
ERR502180,ERR502180,,2000,Europe,2099109.0,82.87401510257064,101.0,166.0,93.33667181657997,8.831755916712403
ERR502182,ERR502182,,2002,Europe,2115838.0,95.19824195855918,109.0,200.0,98.2493795766666,4.167471242481604
ERR502185,ERR502185,,2004,Europe,2112752.0,85.05580512907616,112.0,176.0,97.24170211647908,5.997558271076713
ERR502198,ERR502198,,2013,Europe,2101594.0,92.17660173787748,109.0,179.0,91.15717394139116,8.797437304689687
ERR502211,ERR502211,,2013,Europe,2107556.0,76.22822304872989,105.0,151.0,91.79899126557088,8.30143031552066
ERR502212,ERR502212,,2013,Europe,2105853.0,87.39706026647592,116.0,184.0,97.87988067402436,6.160370067539566
ERR502213,ERR502213,,1980,Europe,2111482.0,86.56377451525944,98.0,178.0,97.18568893548748,7.014258352841029
ERR502215,ERR502215,,1981,Europe,2116879.0,86.97762895387224,99.0,179.0,97.46628930363318,6.946651583203593
ERR502217,ERR502217,,1982,Europe,2119098.0,82.00854304632958,97.0,171.0,98.00080582111023,5.98738813409348
ERR502221,ERR502221,,1984,Europe,2114014.0,91.50696679615932,107.0,187.0,96.72469603341388,7.2564151387193245
ERR502223,ERR502223,,1985,Europe,2172169.0,87.2537362626149,131.0,181.0,96.3878191380672,6.467624690583664
ERR502227,ERR502227,,1987,Europe,2055577.0,85.81548081530245,106.0,178.0,97.77259414985934,8.016711282355708
ERR502228,ERR502228,,1990,Europe,2174940.0,80.8888665010087,110.0,165.0,92.84355061285214,6.946785990300287
ERR502233,ERR502233,,1995,Europe,2183065.0,82.13881675830764,101.0,165.0,92.36426730987108,7.088809489141027
ERR502235,ERR502235,,1995,Europe,2120456.0,81.29509582343849,100.0,168.0,98.04127646285464,5.692319754483037
ERR775141,ERR775141,,1951,Europe,2175137.0,98.8693581242547,117.0,189.0,92.8690228731164,6.832495155744223
ERR775147,ERR775147,,1942,Europe,2214274.0,79.71345674181288,123.0,145.0,92.62030357135102,8.378266372464466
ERR779758,ERR779758,,1946,Europe,2130576.0,97.6752618422037,155.0,184.0,92.96040277163463,7.7631298932583634
ERR779772,ERR779772,,1959,Europe,2112511.0,102.07523361932884,99.0,212.0,95.5667529043303,6.484291170573806
ERR779774,ERR779774,,1958,Europe,2097618.0,97.55462196885888,98.0,204.0,96.16924378094276,7.134552704382792
ERR779802,ERR779802,,1943,Europe,2113863.0,122.91037601561872,127.0,216.0,88.18287152673078,6.939169588154255
ERR779820,ERR779820,,1940,Europe,2092555.0,94.52026157872312,113.0,166.0,84.35690600789778,8.801693529418353
ERR779821,ERR779821,,1940,Europe,2181434.0,103.50791320970976,122.0,174.0,86.43392304687715,8.144218814753419
ERR779836,ERR779836,,1943,Europe,2146802.0,76.65161067925085,131.0,145.0,92.78495703134304,6.875102205396446
ERR779837,ERR779837,,1943,Europe,2145765.0,67.03892246284468,127.0,124.0,88.88110314848852,7.101533360961458
ERR7975736,ERR7975736,16_137,2016,Europe,2196445.0,57.45827798538135,97.0,107.0,86.42864478547959,6.360188617959029
ERR7975916,ERR7975916,16_169,2016,Europe,2149117.0,41.98450723771578,87.0,64.0,86.30005659146255,8.179702288280822
ERR7975942,ERR7975942,16_191,2016,Europe,2135922.0,49.788763051724246,81.0,85.0,84.6778533388609,8.489913867452202
ERR7975949,ERR7975949,16_197,2016,Europe,2188614.0,49.30013726968575,79.0,95.0,84.22223581222775,5.94160011648615
ERR7976024,ERR7976024,16_260,2016,Europe,2173501.0,63.78294049749643,79.0,121.0,93.61335714977884,6.24312003673794
ERR7976087,ERR7976087,16_284,2016,Europe,2187731.0,109.27595455205696,80.0,207.0,86.77367008205722,5.731073800696676
ERR7976204,ERR7976204,16_286,2016,Europe,2132311.0,54.00911040651528,84.0,109.0,88.76819954229957,8.001926501719291
ERR7976264,ERR7976264,16_301,2016,Europe,2141792.0,62.851570533957535,87.0,109.0,82.86590493923262,8.182076813655762
ERR7977494,ERR7977494,16_305,2016,Europe,2130121.0,70.25321388911806,65.0,127.0,86.85358421943485,8.265274806509785
ERR7977637,ERR7977637,16_35,2016,Europe,2194904.0,99.17934825349128,71.0,191.0,87.67301814551047,5.668484896002509
ERR7977641,ERR7977641,16_352,2016,Europe,2139585.0,59.59988313552957,67.0,85.0,84.39124961912516,8.28050761080185
ERR7977644,ERR7977644,16_356,2016,Europe,2169671.0,55.33518074923342,65.0,81.0,86.05082912761355,6.757316786326319
ERR7985858,ERR7985858,16_444,2016,Europe,2166110.0,52.01505696162197,99.0,80.0,88.33323923275522,6.659692431760397
ERR7985863,ERR7985863,16_45,2016,Europe,2201881.0,68.6347471088869,79.0,112.0,86.14976811073731,6.209025436543049
ERR7985866,ERR7985866,16_452,2016,Europe,2141967.0,58.7653064130325,70.0,83.0,84.14632630278197,8.341125211411162
ERR7986114,ERR7986114,16_62,2016,Europe,2136542.0,59.12124522100623,78.0,95.0,84.73283881198044,8.224504653845722
ERR7986118,ERR7986118,16_67,2016,Europe,2139863.0,114.73137902476095,75.0,215.0,88.2452843883467,7.168916118771071
ERR7986122,ERR7986122,16_71,2016,Europe,2179980.0,95.48916439680274,79.0,185.0,90.83999126849814,5.062264087543823
ERR7986133,ERR7986133,16_84,2016,Europe,2186074.0,69.10108652667473,70.0,132.0,89.62855355308747,5.927532173698771
ERR7986565,ERR7986565,16AM104014,2016,Europe,2106222.0,109.6077104434148,110.0,176.0,81.60173165535657,8.584805277718663
ERR7986758,ERR7986758,16AM107420,2016,Europe,2109443.0,168.44643195617564,85.0,297.0,83.12394972540936,7.776032974541056
ERR7986854,ERR7986854,16AM109214,2016,Europe,2177812.0,108.2641846150861,77.0,201.0,92.67184968216378,6.256784758235234
ERR7987167,ERR7987167,500025,2016,Europe,2136221.0,52.69699998085498,79.0,85.0,93.61375113297942,7.272140769032605
ERR7987170,ERR7987170,500042,2016,Europe,2209421.0,50.9302841670795,71.0,74.0,84.609981485692,5.636854425913689
ERR7987388,ERR7987388,500456,2016,Europe,2128249.0,158.6128786355653,100.0,308.0,89.16484551013207,5.562034475420302
ERR7993907,ERR7993907,500834,2016,Europe,2192276.0,110.73509456513142,81.0,189.0,92.25892440830592,5.470906463861292
ERR9668845,ERR9668845,TH100,2018,Asia,2201583.0,42.80178778623428,91.0,66.0,84.69770765527763,6.821921797470906
ERR9668912,ERR9668912,TH24,2018,Asia,2146636.0,99.37325568088772,68.0,179.0,90.0239166586424,5.614946069152451
ERR9668921,ERR9668921,TH28,2018,Asia,2133044.0,116.2761681988862,74.0,215.0,89.74286965798379,7.801122299257401
ERR9668925,ERR9668925,TH3,2018,Asia,2142433.0,92.77630645148484,89.0,138.0,84.73756363417208,7.634547104087096
ERR9668940,ERR9668940,TH39,2018,Asia,2190205.0,52.841273665829895,81.0,77.0,80.25389470639138,6.942260951378233
ERR9668944,ERR9668944,TH42,2018,Asia,2202055.0,58.0671138468953,91.0,92.0,83.94886631260088,5.940300847884768
ERR9668972,ERR9668972,TH59,2018,Asia,2135956.0,69.92821037856585,77.0,106.0,86.35555884827455,8.259181684792956
ERR9668981,ERR9668981,TH66,2018,Asia,2150033.0,74.51125202139131,73.0,112.0,85.63009737374094,8.365676907740728
ERR9668982,ERR9668982,TH67,2018,Asia,2199257.0,63.79743667335828,83.0,101.0,88.45289097315388,5.969825606792038
ERR9668983,ERR9668983,TH68,2018,Asia,2150387.0,80.72322406296313,79.0,126.0,88.1229258672077,7.70304992103583
ERR9668986,ERR9668986,TH70,2018,Asia,2160122.0,70.32869748043397,77.0,111.0,89.17542871073066,5.844558192672573
ERR9668990,ERR9668990,TH74,2018,Asia,2199246.0,81.19014698066972,83.0,120.0,81.87404902648645,6.079636204791613
ERR9668994,ERR9668994,TH78,2018,Asia,2186030.0,79.68509037443769,84.0,116.0,80.59712234582665,6.182771250322016
ERR9669000,ERR9669000,TH83,2018,Asia,2204782.0,74.40263447881699,84.0,112.0,80.18794560234716,6.631198127261119
ERR9669009,ERR9669009,TH90,2018,Asia,2198483.0,96.03028417086644,74.0,146.0,82.57309641396023,5.008142829941421
ERR9669012,ERR9669012,TH93,2018,Asia,2187412.0,72.67021589967416,84.0,114.0,89.77923892138318,5.679640685028169
ERR9669015,ERR9669015,TH96,2018,Asia,2175090.0,72.99533922918224,70.0,112.0,86.58616609878143,8.543587101398954
ERR9669016,ERR9669016,TH97,2018,Asia,2202066.0,70.54919074102325,78.0,112.0,89.2161152265858,5.3425476865178485
ERR976912,ERR976912,63179,,Africa,2072666.0,66.98597002496837,96.0,121.0,92.9094253993752,7.897761001780894
ERR976923,ERR976923,59688,,Africa,2106803.0,136.63644632534076,76.0,252.0,92.6665619448882,8.503847403142887
ERR9837161,ERR9837161,ECDC_AT18_980030,2018,Europe,2157764.0,79.08057349352852,89.0,141.0,90.13835193404772,6.849609659390016
ERR9837200,ERR9837200,ECDC_NL18_180918010401,2018,Europe,2172893.0,92.31604792570369,77.0,166.0,91.9410968995899,6.081697113607599
ERR9837244,ERR9837244,ECDC_PT18_444,2018,Europe,2129224.0,86.36559686470234,102.0,160.0,95.88545280575389,5.9286522328378926
ERR9837340,ERR9837340,ECDC_ES18_8313,2018,Europe,2118325.0,72.00641150084095,77.0,121.0,85.33480380208435,8.536105106349615
ERR9837360,ERR9837360,ECDC_ES18_8367,2018,Europe,2173685.0,59.781332660437926,94.0,102.0,86.14896138502036,6.37748233106708
ERR9837378,ERR9837378,ECDC_PT18_387,2018,Europe,2116352.0,59.40707027909203,78.0,102.0,87.52964320284042,8.712536821944198
ERR9837436,ERR9837436,ECDC_PT18_424,2018,Europe,2127515.0,76.20592822161912,81.0,140.0,95.49909820881555,6.034833839226711
ERR9837541,ERR9837541,ECDC_ES18_8372,2018,Europe,2122700.0,92.38747513703726,73.0,170.0,97.02573872023883,7.043155878630392
ERR9837562,ERR9837562,ECDC_PT18_474,2018,Europe,2182834.0,61.48338065710538,86.0,106.0,89.47291889468639,6.029099136434404
ERR9837614,ERR9837614,ECDC_GR18_006,2018,Europe,2120696.0,76.7294673575802,72.0,133.0,90.71404145278748,8.129926860138214
ERR9837719,ERR9837719,ECDC_IT18_4311,2018,Europe,2118401.0,84.0762876105459,84.0,142.0,87.636540034304,8.412092158465967
ERR9837788,ERR9837788,ECDC_ES18_8271,2018,Europe,2168422.0,79.96159087623349,81.0,141.0,90.42916548570363,6.119107088854292
ERR9837801,ERR9837801,ECDC_DK18_743,2018,Europe,2115287.0,73.21723109874596,82.0,132.0,90.82064435945216,8.183779303547228
ERR9837827,ERR9837827,ECDC_NO18_643139,2018,Europe,2125239.0,90.6063506309705,92.0,156.0,87.64841497238649,7.804079255384684
ERR9837890,ERR9837890,ECDC_IT18_4160,2018,Europe,2119337.0,96.43340985904976,87.0,169.0,89.43710000559022,8.505370683572092
ERR9837901,ERR9837901,ECDC_IT18_4198A,2018,Europe,2171266.0,91.71760855653014,79.0,160.0,89.31671039877556,5.837210604719929
ERR9837911,ERR9837911,ECDC_SE18_131,2018,Europe,2118971.0,83.65101860199408,80.0,132.0,81.43496628103696,8.675216451428636
ERR9837941,ERR9837941,ECDC_SE18_157,2018,Europe,2113043.0,81.42067251885929,91.0,143.0,89.10278753013831,8.785430270718294
ERR9838019,ERR9838019,ECDC_SE18_026,2018,Europe,2173872.0,74.66201646389486,73.0,132.0,91.6298329157064,5.106932046012029
ERR9838108,ERR9838108,ECDC_UK18_NI18004,2018,Europe,2118114.0,75.01977958007873,74.0,136.0,92.18328742568528,7.802331963127653
ERR9838204,ERR9838204,ECDC_NO18_641396,2018,Europe,2181144.0,62.632997069232,87.0,99.0,80.98865201199554,5.746441012085438
ERR9838261,ERR9838261,ECDC_UK18_18KI030,2018,Europe,2072435.0,76.30412600118892,80.0,139.0,93.93891156582204,8.886101186142628
ERR9838323,ERR9838323,ECDC_GE18_076,2018,Europe,2134686.0,92.47690054505016,95.0,174.0,97.12108439105282,4.084900482745489
ERR9838326,ERR9838326,ECDC_NO18_638328,2018,Europe,2105993.0,80.37275494574102,80.0,141.0,92.1285582245302,8.412271367928227
ERR9838399,ERR9838399,ECDC_NO18_642541,2018,Europe,2120109.0,55.353923339759405,83.0,96.0,88.8615631129309,8.917059620747976
ERR9838419,ERR9838419,ECDC_IS18_S1807290046,2018,Europe,2162242.0,77.0110420854581,79.0,134.0,88.02328698075986,6.666547193691827
ERR9838455,ERR9838455,ECDC_GE18_019,2018,Europe,2120496.0,92.70604210504996,77.0,161.0,89.8231907585133,7.73539722897369
ERR9838458,ERR9838458,ECDC_GE18_020,2018,Europe,2138848.0,93.6890776769771,99.0,177.0,96.6001910965806,5.484481580627457
ERR9838460,ERR9838460,ECDC_GE18_023,2018,Europe,2124314.0,85.48573712837604,76.0,146.0,87.37109674108372,8.43149158275557
ERR9838508,ERR9838508,ECDC_UK18_18NP035,2018,Europe,2141608.0,76.62717671480908,86.0,142.0,96.71580593894966,4.551741131931767
ERR9838513,ERR9838513,ECDC_FR18_58,2018,Europe,2134082.0,75.4713926692878,77.0,130.0,87.52109828498462,8.2623178503825
ERR9838543,ERR9838543,ECDC_NO18_638138,2018,Europe,2136650.0,70.50151988973673,82.0,130.0,97.31036832621078,5.190219643597182
ERR9838553,ERR9838553,ECDC_NO18_638181,2018,Europe,2126869.0,82.52020160014892,73.0,134.0,84.8997903862954,6.440564061782463
ERR9838554,ERR9838554,ECDC_UK18_18CC838,2018,Europe,2127902.0,81.6784326974654,83.0,136.0,85.35321580733219,8.300041442188148
ERR9838656,ERR9838656,ECDC_FI18_18GC01409,2018,Europe,2122298.0,85.17839740140923,82.0,145.0,88.09746514413729,8.446186758660858
ERR9838727,ERR9838727,ECDC_HU18_032,2018,Europe,2125288.0,58.19162850875645,91.0,97.0,87.53442040442165,6.570759736114066
ERR9838745,ERR9838745,ECDC_EE18_005,2018,Europe,2107202.0,59.95539468171018,94.0,111.0,96.17689206389632,7.062331291092169
ERR9838746,ERR9838746,ECDC_SE18_052,2018,Europe,2173242.0,84.36663787085654,88.0,143.0,86.6040252673916,6.3391763085090895
ERR9838748,ERR9838748,ECDC_SE18_055,2018,Europe,2081047.0,89.9849499141759,83.0,161.0,94.78844328918596,8.58614934868561
ERR9838756,ERR9838756,ECDC_SE18_066,2018,Europe,2160703.0,76.33570785205237,88.0,140.0,92.0723426874127,6.303648032616121
ERR9838776,ERR9838776,ECDC_SE18_179,2018,Europe,2130146.0,82.52423160204701,78.0,145.0,89.62067068893886,8.126342670893024
ERR9838867,ERR9838867,ECDC_SE18_057,2018,Europe,2178972.0,66.15298690203457,86.0,121.0,93.33008054259844,6.195584726873579
ERR9838909,ERR9838909,ECDC_SE18_177,2018,Europe,2143409.0,86.71325874780551,81.0,145.0,87.22978526170931,6.197197612033915
ERR9838966,ERR9838966,ECDC_PL18_059,2018,Europe,2185770.0,59.42718577105048,85.0,110.0,94.93230078089974,6.386084385255542
ERR9838975,ERR9838975,ECDC_DK18_760,2018,Europe,2182427.0,75.06124631436339,78.0,124.0,83.86354721723053,5.772157569919692
ERR9839008,ERR9839008,ECDC_SE18_193,2018,Europe,2178348.0,92.50179263104246,77.0,164.0,90.04978415043807,6.113461990793114
ERR9839012,ERR9839012,ECDC_SE18_194,2018,Europe,2109192.0,75.16956081613809,74.0,129.0,89.10224880476912,9.39138226498359
ERR9839020,ERR9839020,ECDC_SE18_196,2018,Europe,2176389.0,78.58978275030157,77.0,139.0,91.94533519891132,5.582553958849027
ERR9839060,ERR9839060,ECDC_AT18_980581,2018,Europe,2121705.0,83.5294089788599,89.0,157.0,96.32838130090056,5.867497003841803
ERR9839096,ERR9839096,ECDC_SE18_082,2018,Europe,2121353.0,85.08799194097256,78.0,149.0,89.80779721738358,8.618989482644682
ERR9839159,ERR9839159,ECDC_SE18_102,2018,Europe,2132293.0,88.98409245645226,83.0,162.0,95.18535384748832,5.9928092203268335
ERR9839204,ERR9839204,ECDC_SE18_015,2018,Europe,2132438.0,86.49946601936702,92.0,162.0,96.91814354059362,4.433149270281471
ERR9839221,ERR9839221,ECDC_AT18_980413,2018,Europe,2073427.0,87.73663705377908,87.0,143.0,84.74987131305862,7.82925818483216
ERR9839224,ERR9839224,ECDC_SE18_125,2018,Europe,2176691.0,78.7795647958989,76.0,145.0,93.72010285460873,6.1487662548582565
ERR9839240,ERR9839240,ECDC_UK18_NI18030,2018,Europe,2079208.0,81.23894233300463,83.0,153.0,96.59708159708808,7.85833492008378
ERR9839275,ERR9839275,ECDC_GE18_086,2018,Europe,2179973.0,80.09628138048541,89.0,130.0,80.75637450623108,6.092046460053091
ERR9839301,ERR9839301,ECDC_UK18_18NO045,2018,Europe,2191842.0,65.22579700818899,77.0,118.0,90.83401077191868,6.689575609592187
ERR9839385,ERR9839385,ECDC_BE18_523,2018,Europe,2122341.0,89.22180665405422,79.0,160.0,91.75882126029492,8.21187038675642
ERR9839397,ERR9839397,ECDC_UK18_18NE014,2018,Europe,2127720.0,96.55360874861354,93.0,170.0,90.04250662098293,6.626314669414544
ERR9839412,ERR9839412,ECDC_NO18_639351,2018,Europe,2175384.0,37.45323220913088,77.0,65.0,88.12243672205214,6.592757697606435
ERR9839429,ERR9839429,ECDC_BE18_537,2018,Europe,2123404.0,86.86450067685564,74.0,164.0,97.11794988912428,6.81327494091688
ERR9839443,ERR9839443,ECDC_NO18_639452,2018,Europe,2200329.0,58.68233573037439,83.0,108.0,90.38799713759305,6.5474177036547525
FA1090,NC_002946,"FA1090,NC_002946",1980,North America,2050168.0,98.76487,108.0,198.0,99.0915487631143,10.655123
FA19,NZ_CP012026,"FA19,NZ_CP012026",1962,North America,2059964.0,98.339831,94.0,197.0,98.99283968946212,10.737111
FFF007,SRR16683527,FFF007,2014-04-01,Asia,2113699.0,87.54458230556054,128.0,126.0,98.79376822208104,6.600911728139246
FFF012,SRR16683493,FFF012,2014-06-06,Asia,2092172.0,84.57783782575135,109.0,119.0,91.74708316830964,9.879548840178762
FFF017,SRR16683489,FFF017,2014-08-04,Asia,2146970.0,84.25795641153954,113.0,123.0,94.46813007314644,6.584603667073622
FFF023,SRR16683484,FFF023,2014-08-25,Asia,2098819.0,88.07767643825835,104.0,122.0,93.79692926116678,9.390217403478903
FFF041,SRR16683466,FFF041,2014-12-08,Asia,2116742.0,91.05005803864474,111.0,129.0,95.0864477177388,7.496735027609458
FFF044,SRR16683463,FFF044,2014-06-26,Asia,2208955.0,82.44163684893539,117.0,113.0,91.59289637195592,6.682720847660756
FFF047,SRR16683459,FFF047,2015-01-08,Asia,2113246.0,79.7226261712375,113.0,111.0,97.77292923418185,7.058612694750282
FL14,ERR3959653,FL14,2015-2016,South America,2069164.0,38.847194324056495,88.0,62.0,97.68000603793838,10.381200927408967
FL17,ERR3959656,FL17,2015-2016,South America,2202635.0,37.135539147102016,101.0,57.0,87.16638913501788,6.839349917675654
FL36,ERR3959677,FL36,2015-2016,South America,2175805.0,35.30224528418357,72.0,56.0,93.53794295450447,7.133432645243669
FL43,ERR3959685,FL43,2015-2016,South America,2085485.0,36.89384598959666,84.0,60.0,97.6834103211394,9.372341259618509
FL44,ERR3959686,FL44,2015-2016,South America,2129992.0,40.40743825792917,89.0,66.0,94.15253569740632,9.006977968436733
GCGS0072,ERR191801,"GCGS0072,8289_2#72,SDG-200907-02",2009,North America,2158367.0,119.58220853668534,108.0,227.0,90.57354339566426,7.481950246973041
GCGS0154,ERR855235,"GCGS0154,15335_5#85,SDG-200909-22",2009,North America,2123277.0,109.11937813139784,106.0,207.0,89.64628785099295,8.763029087935843
GCGS0200,ERR222899,"GCGS0200,8727_5#50,ORA-200907-01",2009,North America,2114642.0,85.06170718367461,98.0,172.0,95.9009274674192,7.125368219441987
GCGS0245,ERR1067881,"GCGS0245,17176_1#82,ORA-200110-12",2001,North America,2061057.0,166.90014517259831,96.0,258.0,96.05277744871412,9.11746060191978
GCGS0248,ERR1067838,"GCGS0248,17176_1#39,CIN-200410-15",2004,North America,2131728.0,146.4016358976848,94.0,222.0,93.54465954419928,7.251307669044925
GCGS0292,ERR854977,"GCGS0292,15335_3#16,OKC-200605-17",2006,North America,2164132.0,113.097704484477,107.0,222.0,91.06959348424564,6.91663399827511
GCGS0295,ERR1082205,"GCGS0295,17225_3#34,SDG-200209-04",2002,North America,2127750.0,142.27828501802375,99.0,220.0,96.99944779425562,6.005129870857181
GCGS0296,ERR855084,"GCGS0296,15335_4#28,SDG-200503-09",2005,North America,2141320.0,105.8757955961276,113.0,201.0,93.48018005870284,4.745645770096661
GCGS0304,ERR1067795,"GCGS0304,17150_8#87,ATL-200101-16",2001,North America,2174769.0,158.6758878846443,98.0,237.0,88.01321033042325,6.526405394204813
GCGS0305,ERR1067798,"GCGS0305,17150_8#90,ATL-200110-16",2001,North America,2162064.0,148.16077083379585,99.0,232.0,91.57607863753783,6.043839114705256
GCGS0306,ERR1067873,"GCGS0306,17176_1#74,ATL-200112-05",2001,North America,2069069.0,144.21070093650826,93.0,214.0,91.80758528184616,7.99596778709916
GCGS0307,ERR1082182,"GCGS0307,17225_3#11,ATL-200202-19",2002,North America,2154694.0,147.58627495783625,95.0,234.0,91.05282690822987,6.468834354453914
GCGS0313,ERR854949,"GCGS0313,15335_2#83,BAL-201203-18",2012,North America,2126183.0,118.32554213461404,101.0,231.0,93.7483842090612,6.476719570793338
GCGS0317,ERR1067875,"GCGS0317,17176_1#76,BHM-200112-11",2001,North America,2121111.0,157.06468621585566,99.0,239.0,91.87714342689722,7.158835586518968
GCGS0347,ERR854956,"GCGS0347,15335_2#90,CLE-201206-17",2012,North America,2104695.0,108.24218422080162,112.0,200.0,88.77238952665513,8.774453691154893
GCGS0348,ERR854958,"GCGS0348,15335_2#92,CLE-201209-10",2012,North America,2136088.0,108.74138147211168,107.0,221.0,97.13720018904068,6.671744268097355
GCGS0362,ERR1067840,"GCGS0362,17176_1#41,DTR-200412-24",2004,North America,2139389.0,179.83381698653216,93.0,273.0,93.06187134268626,4.251610085012489
GCGS0369,ERR854998,"GCGS0369,15335_3#37,HON-201103-04",2011,North America,2122953.0,106.10406484001297,111.0,181.0,80.52887285205497,8.861325477985238
GCGS0373,ERR1067806,"GCGS0373,17176_1#7,IND-201308-13",2013,North America,2139375.0,158.38665070733268,90.0,240.0,92.6217002324283,5.326866858570132
GCGS0377,ERR854964,"GCGS0377,15335_3#3,KCY-201204-04",2012,North America,2163903.0,100.6754101509634,111.0,191.0,89.19013213015347,6.823803496824632
GCGS0423,ERR855041,"GCGS0423,15335_3#80,MIN-201212-08",2012,North America,2115415.0,109.02980442400184,101.0,217.0,98.2884721567477,8.092964908547172
GCGS0432,ERR1067810,"GCGS0432,17176_1#11,OKC-201306-06",2013,North America,2170032.0,156.37150394233802,98.0,240.0,92.0835688304106,6.190074035909096
GCGS0438,ERR855398,"GCGS0438,15335_7#58,ORA-201304-08",2013,North America,2168270.0,98.34497333630031,100.0,191.0,91.30293990070574,6.914349077631298
GCGS0439,ERR1067883,"GCGS0439,17176_1#84,PHI-200102-09",2001,North America,2158241.0,164.10990380388478,85.0,246.0,88.89000608503963,7.019903450902208
GCGS0440,ERR1067717,"GCGS0440,17150_8#9,PHI-200201-01",2002,North America,2136100.0,147.35069961696547,98.0,227.0,94.23448385643378,5.845051018693788
GCGS0454,ERR855047,"GCGS0454,15335_3#86,PHI-201202-44",2012,North America,2179666.0,104.63194219908,104.0,199.0,89.52730082131396,7.072680637537662
GCGS0465,ERR855028,"GCGS0465,15335_3#67,PHX-201101-02",2011,North America,2135032.0,107.98476906463227,109.0,212.0,94.05450432582948,6.671117034979448
GCGS0471,ERR855052,"GCGS0471,15335_3#91,PHX-201202-09",2012,North America,2153938.0,91.81333267935288,98.0,179.0,91.1139022116051,7.1377336723379
GCGS0472,ERR855054,"GCGS0472,15335_3#93,PHX-201202-11",2012,North America,2113068.0,98.2801866109846,106.0,188.0,90.47746497905108,7.991756364736058
GCGS0474,ERR855337,"GCGS0474,15335_6#92,PHX-201303-19",2013,North America,2155170.0,92.98281499658958,107.0,183.0,92.31228378276862,7.001758492848423
GCGS0509,ERR1067774,"GCGS0509,17150_8#66,SFO-200411-05",2004,North America,2122905.0,184.40477964016296,108.0,265.0,85.47118339099326,7.773434437338292
GCGS0515,ERR855250,"GCGS0515,15335_6#5,SFO-201108-13",2011,North America,2122710.0,126.69713886300995,114.0,239.0,88.47965200370922,8.722841366024126
GCGS0525,ERR1067777,"GCGS0525,17150_8#69,ATL-200005-01",2000,North America,2163585.0,158.03097041512123,88.0,238.0,90.4595230576898,6.3382354588322265
GCGS0529,ERR1082212,"GCGS0529,17225_3#41,ATL-200308-11",2003,North America,2171343.0,139.9293021401501,90.0,203.0,87.04131297306607,6.284517422519908
GCGS0599,ERR1067846,"GCGS0599,17176_1#47,LVG-200411-07",2004,North America,2175897.0,132.55854183010496,104.0,201.0,90.16554264259791,5.690482857494876
GCGS0620,ERR1067811,"GCGS0620,17176_1#12,OKC-201311-04",2013,North America,2171337.0,151.4705126886338,93.0,228.0,89.08964463109287,5.36705458048185
GCGS0624,ERR1067715,"GCGS0624,17150_8#7,ORA-200201-09",2002,North America,2129747.0,161.8887925251215,98.0,233.0,86.52022266986292,7.518105755983916
GCGS0680,ERR1067822,"GCGS0680,17176_1#23,RIC-201305-02",2013,North America,2141985.0,151.88365220578115,91.0,237.0,95.70911210774683,4.397576192022939
GCGS0709,ERR1067871,"GCGS0709,17176_1#72,SFO-200008-16",2000,North America,2120808.0,152.5477289655641,102.0,229.0,90.72858132414088,7.394227215196962
GCGS0726,ERR1067874,"GCGS0726,17176_1#75,BHM-200102-16",2001,North America,2134834.0,163.3566574595495,94.0,254.0,95.7073667843335,5.694156651471197
GCGS0749,ERR1067830,"GCGS0749,17176_1#31,IND-201312-07",2013,North America,2130887.0,166.80506315351295,95.0,247.0,90.9666731351997,5.7068805232916295
GCGS0782,ERR1067718,"GCGS0782,17150_8#10,PHI-200209-22",2002,North America,2122864.0,121.28611148095214,97.0,179.0,87.29140446897314,8.201745052138754
GCGS0819,ERR1067832,"GCGS0819,17176_1#33,ALB-200308-11",2003,North America,2172598.0,178.7913509121338,96.0,259.0,87.07963530793748,5.400566749924396
GCGS0839,ERR1067710,"GCGS0839,17150_8#2,MIA-200202-22",2002,North America,2074144.0,152.05452151080155,106.0,224.0,90.512608601376,7.618552659580426
GCGS0860,ERR956684,"GCGS0860,16043_2#17,PHI-201312-28",2013,North America,2128401.0,116.42276110225464,106.0,235.0,95.76538904735956,5.113966017405719
GCGS0870,ERR1067778,"GCGS0870,17150_8#70,BHM-200002-09",2000,North America,2144476.0,140.4635077901081,101.0,218.0,88.89006756278916,6.8298070138103295
GCGS1029,ERR854889,"GCGS1029,15335_2#23,CLE-200705-20",2007,North America,2111010.0,111.96055754112965,101.0,208.0,88.05784621560231,8.995822179411073
GCGS1035,ERR854891,"GCGS1035,15335_2#25,DTR-200707-15",2007,North America,2134535.0,103.0955706463,103.0,207.0,96.42559296675472,5.540618944680279
GGG006,SRR16683453,GGG006,2019-01,Asia,2097588.0,106.30825130742546,107.0,141.0,95.0638010195027,8.22217493083635
GGG020,SRR16683603,GGG020,2019-01,Asia,2109277.0,115.17313935328272,126.0,145.0,84.07506139079024,9.259260088932695
GGG022,SRR16683890,GGG022,2019-01,Asia,2105469.0,109.5783345207619,119.0,134.0,84.24683630683843,8.301654327348484
GGG026,SRR16683887,GGG026,2019,Asia,2149543.0,104.78185331190868,112.0,139.0,90.63294057190944,7.101846977520412
GGG031,SRR16683885,GGG031,2019-01,Asia,2152938.0,84.28041009343707,116.0,117.0,94.73611425410476,6.491728363257581
GGG036,SRR16683879,GGG036,2019-01,Asia,2156118.0,93.1792887049628,115.0,129.0,94.20060206502126,6.080621856834041
GGG042,SRR16683873,GGG042,2019-02,Asia,2109471.0,118.02247899283476,108.0,166.0,96.32535294401788,5.496712626426676
HHH001,SRR16683863,HHH001,2019-01,Asia,2159401.0,97.93444852782456,108.0,137.0,93.49633638073604,6.731869042685454
HHH013,SRR16683851,HHH013,2019-02,Asia,2157112.0,124.57749553449938,111.0,186.0,96.42417769280569,6.581467501484078
HHH018,SRR16683845,HHH018,2019-03,Asia,2110694.0,126.2542280754003,116.0,178.0,94.57725957062472,5.946393969601595
HHH038,SRR16683824,HHH038,2019-11,Asia,2114972.0,120.34116898544424,99.0,165.0,93.49459181086527,5.967271871954839
HHH042,SRR16683820,HHH042,2019-01,Asia,2146823.0,92.60748855580732,104.0,125.0,92.51419013811577,7.177294161131707
HHH044,SRR16683818,HHH044,2019-10,Asia,2104603.0,112.3132553353388,99.0,158.0,95.75806484140048,8.174101992585209
JJJ010,SRR16683805,JJJ010,2015-03-26,Asia,2112258.0,103.88146581479629,118.0,158.0,98.24168887642026,6.745802578376138
JJJ020,SRR16683794,JJJ020,2015-06-29,Asia,2087289.0,93.61789499437698,109.0,119.0,91.55494392314468,8.474501853697875
JJJ024,SRR16683789,JJJ024,2016-02-01,Asia,2105492.0,125.39348035561136,114.0,184.0,98.91231517795931,5.867721015669628
LLL004,SRR16683785,LLL004,2013,Africa,2162730.0,133.17111676201984,106.0,190.0,93.36271373169298,6.242403198888901
LLL016,SRR16683772,LLL016,2013,Africa,2086352.0,139.58084454053775,119.0,208.0,96.2318491026312,9.50553869244296
LLL017,SRR16683771,LLL017,2013,Africa,2056289.0,141.5157164195073,108.0,209.0,96.86985008592944,9.226823176263707
LLL020,SRR16683767,LLL020,2013,Africa,2096765.0,134.8237829720125,110.0,184.0,89.58475100768317,9.43542299033389
LLL023,SRR16683765,LLL023,2013,Africa,2100926.0,107.38874703901992,112.0,145.0,95.94536584509694,8.996763029087935
LLL029,SRR16683760,LLL029,2014,Africa,2169129.0,132.19846911460272,108.0,192.0,90.7990338502097,6.701537841198016
LLL045,SRR16683743,LLL045,2014,Africa,2091646.0,121.82706197673318,115.0,178.0,96.31997858046928,9.253659793237084
LLL046,SRR16683742,LLL046,2014,Africa,2170430.0,116.67626556476364,110.0,166.0,94.81150708458566,6.641547473706612
LLL049,SRR16683740,LLL049,2014,Africa,2101707.0,120.42924130420944,110.0,172.0,95.03302292034374,8.944299459011436
MA30,,MA30,2015-2016,South America,2179572.0,33.9963846442081,77.0,50.0,85.43574382803556,7.7782730928193
MA43,,MA43,2015-2016,South America,2124371.0,33.47844858616597,98.0,50.0,89.73548258246768,10.701493038832451
MA45,,MA45,2015-2016,South America,2178427.0,38.22527968212062,107.0,62.0,94.31881994700836,7.874553376418275
MA65,,MA65,2015-2016,South America,2168179.0,46.00710604470848,87.0,73.0,93.75418923266665,7.750226811975672
MA73,,MA73,2015-2016,South America,2248164.0,33.25980940716869,79.0,53.0,92.76931737059029,7.728900885966779
MMM005,SRR16683733,MMM005,2014,Africa,2174423.0,117.85086112925268,107.0,169.0,92.06063675314896,6.774834511262194
Ng_140,SRR16683633,Ng_140,2019-09,North America,2057326.0,106.6090886008649,107.0,137.0,92.40192370792435,9.304420873422115
Ng_188,SRR16683617,Ng_188,2019-11,North America,2151506.0,89.2330311354628,122.0,118.0,91.36852913736551,6.887154041733404
POA37,,POA37,2015-2016,South America,2184632.0,39.270736314558256,80.0,64.0,89.03084946579182,6.6601852577816105
POA56,,POA56,2015-2016,South America,2140317.0,40.9834044477832,75.0,65.0,92.56256087445836,6.92066621117595
POA58,,POA58,2015-2016,South America,2186761.0,31.643207400496905,85.0,48.0,86.64060454882753,7.5033657777130625
SP22,,SP22,2015-2016,South America,2134514.0,33.87603572768603,80.0,55.0,97.2830906509463,7.977374805389724
SRR10619218,SRR10619218,SAMN13526938,2018-01-25,North America,2208675.0,44.11343000148958,44.0,69.0,93.39435922810488,6.678912646587739
SRR11903859,SRR11903859,GCWGS-3962,2018-07-01,North America,2090397.0,51.523658722170936,72.0,92.0,90.41722740048463,8.00649634300691
SRR11903915,SRR11903915,GCWGS-3744,2018-05-01,North America,2143561.0,66.57711445483568,74.0,128.0,96.19811731810304,6.033579372990894
SRR11903919,SRR11903919,GCWGS-2192,2018-01-01,North America,2173637.0,34.13305590457744,77.0,65.0,92.49823352292758,6.747236254074215
SRR11904001,SRR11904001,GCWGS-3362,2018-05-01,North America,2169868.0,59.9025148081925,109.0,112.0,85.02352972476403,7.024249280362003
SRR11904209,SRR11904209,GCWGS-4797,2018-10-01,North America,2132836.0,46.67566266370409,80.0,92.0,95.08628336032446,6.409695231908246
SRR11904217,SRR11904217,GCWGS-4790,2018-10-01,North America,2150773.0,47.46025133940076,81.0,91.0,93.95821269768751,6.549702624298563
SRR11904221,SRR11904221,GCWGS-4786,2018-10-01,North America,2146736.0,67.26730103920323,84.0,136.0,94.47027178417632,5.926815335849732
SRR11904288,SRR11904288,GCWGS-4625,2018-10-01,North America,2143510.0,52.54860705179774,87.0,100.0,95.8043317189444,6.076813655761025
SRR11904417,SRR11904417,GCWGS-4303,2018-08-01,North America,2150108.0,66.76492915183518,70.0,134.0,95.72288291453852,5.865884118681467
SRR11904545,SRR11904545,GCWGS-8618,2018-05-01,North America,2158682.0,30.767931154600824,80.0,42.0,81.96446260525012,5.180049506613949
SRR11904572,SRR11904572,GCWGS-5871,2018-07-01,North America,2146579.0,36.19777402384912,85.0,60.0,81.71819145457209,6.338504273025617
SRR11904618,SRR11904618,GCWGS-8518,2018-06-01,North America,2146250.0,24.71279084022038,76.0,49.0,97.34247731409064,7.399648301430315
SRR11904810,SRR11904810,GCWGS-5417,2018-12-01,North America,2144906.0,40.237665979506296,92.0,78.0,92.50392693680256,6.799431009957326
SRR11904845,SRR11904845,GCWGS-8909,2018-12-01,North America,2093515.0,29.95385633132077,86.0,54.0,93.26963840341794,7.950627793147478
SRR11904906,SRR11904906,GCWGS-8684,2018-11-01,North America,2195199.0,40.17779046486992,70.0,77.0,92.44338486016642,5.673189144386823
SRR13300785,SRR13300785,ST157,2013,Africa,2102488.0,34.78340197183623,99.0,127.0,97.9392363861383,7.5621016789686495
SRR13300789,SRR13300789,ST113,2013,Africa,2144936.0,29.37920209992978,95.0,104.0,92.60349876889109,7.8246435411789745
SRR13300793,SRR13300793,ST65,2013,Africa,2159062.0,36.03191840310281,97.0,125.0,91.5895135463094,6.98217985909656
SRR13300795,SRR13300795,ST11,2013,Africa,2094302.0,31.18762794065228,107.0,107.0,91.52204029203688,9.682418431693192
SRR13300796,SRR13300796,ST10,2013,Africa,2097330.0,33.37247158475444,104.0,118.0,93.62041307584197,9.7279824374727
SRR13305401,SRR13305401,SAR517,2014,Africa,2055943.0,31.25950043993534,112.0,113.0,97.97627606957816,8.933860507834813
SRR13305402,SRR13305402,SAR411,2014,Africa,2157680.0,34.04377253043871,94.0,117.0,90.02112668800528,6.698491280339603
SRR13305403,SRR13305403,SAR41,2014,Africa,2046435.0,37.85085604174481,101.0,136.0,96.92617817738795,9.407511116586956
SRR13305407,SRR13305407,SAR306,2014,Africa,2106740.0,29.219281821167776,107.0,105.0,96.85376670154255,7.080162632587
SRR13305408,SRR13305408,083-12-0075,2016,Africa,2097015.0,30.279488074323265,112.0,108.0,94.22483419126,9.821529776772213
SRR13305414,SRR13305414,SAR197,2014,Africa,2156595.0,24.341251261817344,108.0,87.0,92.93326446831205,7.334326452436689
SRR13305415,SRR13305415,SAR141,2014,Africa,2099440.0,29.224044765675597,101.0,103.0,92.92232894473918,9.764989191429308
SRR13305419,SRR13305419,083-12-0061,2016-06-22,Africa,2148805.0,32.06712512506767,103.0,113.0,92.5113214142244,7.47307937859119
SRR13305420,SRR13305420,MUS310,2015,Africa,2138971.0,30.555286149174066,111.0,107.0,91.86842450199585,7.426484918403692
SRR13305428,SRR13305428,MUS251,2015,Africa,2096071.0,24.59310721568449,106.0,86.0,93.61129112227616,9.915928361017462
SRR13305429,SRR13305429,MUS271,2015,Africa,2096138.0,36.125377198027536,111.0,129.0,94.12288170440856,9.511811023622046
SRR13305432,SRR13305432,083-12-0168,2016,Africa,2098230.0,29.23334259775288,100.0,96.0,92.9828203023205,9.746530616816568
SRR13305433,SRR13305433,083-12-0132,2016,Africa,2055781.0,34.42453435021147,116.0,103.0,97.19195956222508,9.762390654226545
SRR13305434,SRR13305434,SAR880,2014,Africa,2106864.0,40.74836668874449,103.0,148.0,97.1698607915458,6.860407029491157
SRR13305435,SRR13305435,SAR840,2014,Africa,2096013.0,55.42041933525218,100.0,184.0,90.2618686645414,9.364052821989
SRR13305439,SRR13305439,SAR56,2014,Africa,2147164.0,29.297869698621977,98.0,100.0,91.2414288144622,7.188942776178582
SRR13305446,SRR13305446,083-12-0014,2016-05-19,Africa,2102130.0,49.05467780607432,122.0,174.0,93.02073574506376,9.717229869737125
SRR13429227,,91683878,2018-06-23,Europe,1932147.0,13.24620794278075,93.0,43.0,91.66423311193752,9.963508473247389
SRR13429245,,84f02cf9,2018-06-12,Europe,1921552.0,13.182452947725066,102.0,42.0,91.2074713887086,10.222197332019132
SRR13429265,,724ff8fe,2018-08-16,Europe,1800901.0,12.88963023220044,88.0,42.0,93.02576990153491,9.601102138192896
SRR1661154,SRR1661154,18438,1996,North America,2149461.0,65.6369431510504,80.0,126.0,86.12334270252879,8.030151992025178
SRR1661156,SRR1661156,19984,1997,North America,2146415.0,75.13096413480153,65.0,153.0,90.04072416127438,8.46294284338213
SRR1661157,SRR1661157,20289,1998,North America,2149305.0,77.98029856828133,75.0,150.0,87.20076099866719,9.065400253133364
SRR1661179,SRR1661179,27920,2006,North America,2227661.0,63.27339308570741,78.0,128.0,85.05252171389002,5.05218355529172
SRR1661182,SRR1661182,28072,2006,North America,2137568.0,92.00348612184506,76.0,214.0,91.49818093801387,8.753979010091733
SRR1661263,SRR1661263,33965,2010,North America,2155538.0,84.798961844282,78.0,149.0,95.734292199672,6.360367827421289
SRR1661291,SRR1661291,34796,2011,North America,2093339.0,62.83774482484681,64.0,111.0,98.02970013350912,9.05729102496612
SRR1661319,SRR1661319,35593,2012,North America,2152478.0,80.94042430747253,69.0,141.0,97.19811521190364,7.112151521600341
SRR1661322,SRR1661322,883218,1989,North America,2104156.0,60.25973933253999,71.0,128.0,96.38952446042452,8.963519673838778
SRR2736105,SRR2736105,19491,1998,North America,2171583.0,99.05038780387396,71.0,156.0,96.5780105477886,5.499624780188394
SRR2736118,SRR2736118,21631,1999,North America,2109609.0,90.72639397148951,78.0,137.0,93.23132239459632,8.270606288012008
SRR2736142,SRR2736142,28759,2006,North America,2221050.0,55.00855176110399,64.0,83.0,91.30915961355734,6.079591402426048
SRR2736154,SRR2736154,30978,2008,North America,2170754.0,131.99486143846795,68.0,201.0,93.8651849198985,4.559402336443364
SRR3343540,SRR3343540,SAMN04621966,2005-06-21,Europe,2122736.0,76.60823449595705,84.0,147.0,97.096329331789,6.222824565137039
SRR3349197,SRR3349197,SAMN04623637,2013-10-04,Europe,2111672.0,114.2588937477714,89.0,205.0,91.12995014558788,8.07356548425757
SRR3349919,SRR3349919,SAMN04624507,2011-10-26,Europe,2067200.0,62.273114872017686,87.0,117.0,97.5073036365154,8.373472519349022
SRR3350180,SRR3350180,SAMN04623989,2014-07-24,Europe,2117172.0,77.6017477546496,93.0,133.0,88.1737936281937,8.788208017383319
SRR3357289,SRR3357289,d7c6b2dd-a24d-49f9-a7e7-09e6d4e5ea61,2011-01-06,Europe,2119167.0,82.71213025736012,93.0,143.0,91.25153293442744,7.61886627613938
SRR3360629,SRR3360629,59b7956f-72c7-40d5-a449-6ec61f4fec08,2010-07-28,Europe,2132053.0,120.94520940293886,96.0,225.0,95.6953371842238,5.576729651325589
SRR3360630,SRR3360630,5a9c227e-e300-4358-94e6-dd3a3fec1a47,2009-08-03,Europe,2126838.0,95.97402263231518,90.0,174.0,96.33463047128402,6.209383855467569
SRR3360647,SRR3360647,6f29476c-f8b4-4526-91c7-8db4ba4d9a4a,2010-07-26,Europe,2154363.0,100.02791011199784,86.0,176.0,90.85759460328173,6.333396803351217
SRR3360677,SRR3360677,985f80da-73c4-42a7-a99e-cb21ca7194ef,2009-08-24,Europe,2163265.0,58.46833339212623,87.0,107.0,91.50569390094132,6.509425297655716
SRR3360687,SRR3360687,a479a20d-c6ce-4880-baab-8d0355c30e4c,2007-08-02,Europe,2158667.0,114.04793346590232,74.0,208.0,90.98877827905407,6.885317144745243
SRR3360688,SRR3360688,a4a54667-3cb0-4bb9-b064-166ece1ba2d1,2008-06-26,Europe,2076697.0,78.66829634523282,86.0,149.0,97.00842224948912,8.031585667723256
SRR3360713,SRR3360713,c5541b4f-c41f-4c8b-8261-fc3799eba045,2010-08-16,Europe,2122130.0,89.70403247446428,86.0,159.0,89.9291275912309,7.942742576808056
SRR3360872,SRR3360872,d1134c00-4628-463e-918a-c04fc09fcce3,2004-07-09,Europe,2207686.0,65.74941713037722,84.0,120.0,90.01812454838335,6.101051735531636
SRR3360876,SRR3360876,d7d71fd5-6450-430b-b982-29bac412d151,2004-07-12,Europe,2159460.0,100.4809843536171,86.0,178.0,89.95558831659449,6.208039784500621
SRR3360890,SRR3360890,e887e6f4-425e-44ce-b4a7-dd177a9b1409,2005-07-17,Europe,2151725.0,75.25803612016684,92.0,143.0,96.28853533469908,6.146705346042271
SRR3360982,SRR3360982,5e1f839c-7aa7-4f6b-a16a-e1cceadbf46e,2004-07-24,Europe,2165470.0,72.23052396700857,91.0,131.0,90.25284364540684,6.236847705558853
SRR3361352,SRR3361352,3036986e-368a-4abc-8f34-90d1d624ed01,2007-08-22,Europe,2122340.0,89.00422965510617,87.0,173.0,97.90268863072028,6.0148071818192
SRR3361357,SRR3361357,SAMN04624849,2009-07-02,Europe,2189266.0,88.85101527355977,81.0,161.0,91.54087545068552,5.856251610085012
SRR5827030,SRR5827030,"NZ2015-237,AUSMDU00006996",2015-03-11,Oceania,2128162.0,49.64100628805513,115.0,87.0,88.80106382051783,8.939191989337036
SRR5827058,SRR5827058,"NZ2015-121,AUSMDU00006887",2015-01-21,Oceania,2187339.0,69.74904561862611,93.0,126.0,88.6695417943053,6.495402157233903
SRR5827063,SRR5827063,"NZ2015-247,AUSMDU00007006",2015-03-18,Oceania,2169905.0,40.8798854187165,135.0,73.0,88.04529005373396,8.225042282232502
SRR5827065,SRR5827065,"NZ2015-130,AUSMDU00004497",2015-01-22,Oceania,2188235.0,56.0183810372286,93.0,99.0,87.87392984872636,6.851267346915916
SRR5827092,SRR5827092,"NZ2015-169,AUSMDU00006932",2015-02-09,Oceania,2198722.0,72.66349476263939,95.0,135.0,90.1664551561888,7.057134216686641
SRR5827097,SRR5827097,"NZ2015-166,AUSMDU00006929",2015-02-10,Oceania,2207244.0,41.87755928850638,94.0,72.0,84.3820658971464,7.684277729864136
SRR5827098,SRR5827098,"NZ2015-165,AUSMDU00006928",2015-02-13,Oceania,2137444.0,47.96496700241032,94.0,87.0,93.24213640675472,7.447676437315891
SRR5827134,SRR5827134,"NZ2015-112,AUSMDU00006879",2015-01-19,Oceania,2198357.0,56.77801060955976,97.0,100.0,87.3728872504695,7.209641469069567
SRR5827167,SRR5827167,"NZ2015-160,AUSMDU00006924",2014-11-04,Oceania,2165457.0,58.41447832434447,108.0,94.0,80.89459011810672,6.99597898769055
SRR5827182,SRR5827182,"NZ2015-82,AUSMDU00006849",2014-12-19,Oceania,2163931.0,47.95793337306047,131.0,88.0,88.99763482955419,8.094264177148554
SRR5827185,SRR5827185,"NZ2015-242,AUSMDU00007001",2015-03-20,Oceania,2092710.0,44.74465367313196,121.0,81.0,90.74728341332997,9.838151454396792
SRR5827190,SRR5827190,"NZ2015-281,AUSMDU00007040",2015-03-31,Oceania,2137782.0,52.45704943417986,131.0,100.0,94.3554359898193,7.85340665987164
SRR5827195,SRR5827195,"NZ2015-286,AUSMDU00007045",2015-04-07,Oceania,2173109.0,40.9296111387878,128.0,68.0,81.11262033811661,8.211019141810688
SRR5827197,SRR5827197,"NZ2015-288,AUSMDU00007047",2015-04-07,Oceania,2186626.0,57.38243700390464,118.0,110.0,91.62476711812326,8.106495222947771
SRR5827214,SRR5827214,"NZ2015-215,AUSMDU00006974",2015-01-05,Oceania,2102066.0,47.31762385605403,126.0,84.0,86.4533857036292,10.758033624175356
SRR5827229,SRR5827229,"NZ2015-221,AUSMDU00006980",2015-03-02,Oceania,2178990.0,47.75728607749463,138.0,85.0,87.65631640458989,7.944086647775002
SRR5827236,SRR5827236,"NZ2015-73,AUSMDU00006841",2014-12-08,Oceania,2117911.0,54.754317613110274,138.0,100.0,90.8220307086071,9.617186187430695
SRR5827243,SRR5827243,"NZ2015-109,AUSMDU00006876",2015-01-09,Oceania,2136188.0,61.72202792137206,92.0,110.0,91.82868924286647,5.677938195136703
SRR5827245,SRR5827245,"NZ2015-103,AUSMDU00006870",2015-01-09,Oceania,2120726.0,56.25837964461226,94.0,96.0,86.58274716156659,9.947334819278458
SRR5827299,SRR5827299,"NZ2015-264,AUSMDU00007023",2015-02-02,Oceania,2112201.0,54.24183615167306,129.0,101.0,91.95842611964488,9.763510713365664
SRR5827322,SRR5827322,"NZ2015-300,AUSMDU00007059",2015-04-24,Oceania,2177703.0,41.04244175348982,111.0,73.0,88.84594953204784,7.836516168053673
SRR5827331,SRR5827331,"NZ2015-186,AUSMDU00004500",2015-02-27,Oceania,2150521.0,71.48663463783889,105.0,129.0,92.7009432596908,6.742666412786595
SRR5827339,SRR5827339,"NZ2015-225,AUSMDU00006984",2015-03-03,Oceania,2132856.0,45.0603652792781,125.0,86.0,95.0739113378356,7.950717397878608
SRR5827341,SRR5827341,"NZ2015-346,AUSMDU00007105",2015-05-14,Oceania,2144770.0,44.3497167997501,107.0,82.0,91.57087217525591,10.275332937579105
SRR5827361,SRR5827361,"NZ2015-139,AUSMDU00006903",2015-02-05,Oceania,2142826.0,43.34833875410322,97.0,78.0,91.76593846980914,6.182368029031933
SRR5827369,SRR5827369,"NZ2015-397,AUSMDU00007156",2015-04-09,Oceania,2137865.0,45.56741584613622,99.0,83.0,92.77492933698984,7.214748938743966
SRR6765303,SRR6765303,NG102,2012-12-17,Asia,2141297.0,89.06506488358272,181.0,209.0,95.50683585876452,8.396635342346077
SRR6765310,SRR6765310,NG409,2012-05-08,Asia,2103230.0,81.21160348666707,167.0,189.0,98.94687115107352,7.299918235682844
SRR6765319,SRR6765319,NG255,2012-06-15,Asia,2075682.0,85.34578490685801,159.0,198.0,98.37576497019788,9.078303334416058
SRR6765375,SRR6765375,NG232,2012-01-29,Asia,2166445.0,86.16015678395026,200.0,202.0,94.70878756596665,7.874687783514969
SRR6765381,SRR6765381,NG185,2012-06-08,Asia,2083042.0,91.6256038936282,169.0,217.0,95.99816581842168,10.656556266170854
SRR6765394,SRR6765394,NG037,2012-10-11,Asia,2099735.0,85.81149298709128,165.0,198.0,96.34666057980824,8.04121817631971
SRR6765429,SRR6765429,NG267,2012-03-23,Asia,2139325.0,77.46355416740231,236.0,177.0,89.81140075365714,10.84454699208118
SRR6765489,SRR6765489,NG433,2012-01-06,Asia,2110093.0,72.59941464808378,185.0,165.0,94.13769845456864,10.386487606545629
SRR6765490,SRR6765490,NG242,2012-10-04,Asia,2146609.0,94.31134884342336,162.0,218.0,96.18234372420277,8.229388111692296
SRR6765497,SRR6765497,NG233,2012-04-08,Asia,2132912.0,82.80114454250764,160.0,194.0,96.5457841881236,7.610981059799958
SRR6765518,SRR6765518,NG050,2012-08-14,Asia,2183055.0,87.63395505717266,174.0,206.0,95.52389104900408,8.096728307254624
SRR6765531,SRR6765531,NG160,2013-07-23,Asia,2135119.0,71.54944413595307,165.0,163.0,94.6780495374994,8.67113943616223
SRR6765536,SRR6765536,NG159,2012-08-14,Asia,2146735.0,68.80423461308169,164.0,154.0,93.89414508035227,8.59493061233633
SRR6765563,SRR6765563,NG380,2013-09-25,Asia,2139050.0,80.03357059517492,176.0,181.0,95.2174570294528,8.622036043503096
SRR6765565,SRR6765565,NG382,2013-08-03,Asia,2102130.0,83.85956094796187,167.0,190.0,95.9173085229562,7.937635107133658
SRR6765617,SRR6765617,NG427,2013-05-13,Asia,2047538.0,74.3591250905927,163.0,171.0,97.11271348612016,11.716580235436432
SRR6765668,SRR6765668,NG144,2013-12-03,Asia,2115436.0,81.36823462760347,180.0,189.0,96.6918563888946,6.956328894165612
SRR7401678,SRR7401678,GCWGS-1598,2016,North America,2145802.0,37.04240952546975,90.0,61.0,82.18804799326807,5.533450566189895
SRR8071056,SRR8071056,GCWGS-1322,2016,North America,2086023.0,32.35203014461299,98.0,55.0,86.92777307524635,9.61328838162655
SRR8071121,SRR8071121,GCWGS-1256,2014,North America,2193733.0,47.63362258349856,86.0,94.0,88.17047782157806,5.968123116900572
SRR8071350,SRR8071350,GCWGS-1039,2016,North America,2157233.0,56.73370431162837,80.0,92.0,86.5946826524143,5.224045429598683
SRR8079765,SRR8079765,LRRBGS-0281,2016,North America,2182534.0,164.60403228078368,60.0,276.0,87.43281823264178,5.907371109194566
SRR8172041,SRR8172041,GCWGS-2606,2018-01-01,North America,2191381.0,82.26231579741409,73.0,148.0,86.29381060728853,5.535108253715796
SRR955973,SRR955973,CH811,1982,South America,2111307.0,185.5807582524043,96.0,409.0,99.36756232091226,5.801771933558092
SRR959017,SRR959017,GC1-182,1982,North America,2100467.0,154.14983077773272,111.0,285.0,81.16681233101956,8.204164379879257
SRR960561,SRR960561,SK1902,2006,North America,2148883.0,237.9752384865513,104.0,521.0,94.85606168067588,6.709333452806308
SRR969353,SRR969353,SK33414,2007,North America,2151538.0,189.7803091364374,119.0,413.0,94.07568387214648,5.749084351653767
SRR9877818,SRR9877818,GCWGS-4836,2018-10-01,North America,2133010.0,43.170365286816775,85.0,74.0,82.569559594651,7.816086289356078
SRR9877820,SRR9877820,GCWGS-4838,2018-10-01,North America,2132485.0,40.72099319296034,81.0,82.0,94.65577271357004,6.678554227663221
SRR9878109,SRR9878109,GCWGS-2774,2018-04-01,North America,2099427.0,99.68041843620954,87.0,202.0,88.53419553841564,7.045888822929851
SRR9985630,SRR9985630,"GCWGS_4241,SAMN10425080",2017,North America,2148414.0,36.91014277082351,93.0,64.0,86.37340531618582,5.622876087857439
SRR9985746,SRR9985746,"GCWGS_1548,SAMN08513526",2017,North America,2151471.0,31.32187847512052,95.0,63.0,96.22531948455728,7.219139570569326
SRR9985872,SRR9985872,"GCWGS_2098,SAMN09081912",2017,North America,2185519.0,44.082053469635845,101.0,76.0,85.95297829657045,7.360087812636507
